"Id";"Score";"text";"data"
"1";1;"0.981427371501923";"<U+0001F534><U+26AB> Hoje é dia de BRASIL

Às h no Bento Freitas o rubronegro enfrenta o AméricaMG pela Série B do Brasileirão…";2019-05-25 06:00:25
"2";2;"0.86791855096817";"FIM DE JOGO VITÓRIA DO LEÃO XÔ EMPATE AméricaMG x Sport com gols do Leão marcados por Guilherme e Hyuri…";2019-05-19 17:57:08
"3";3;"0.878505647182465";"Um dos grandes destaques do jogo Mailson comenta vitória sobre o AméricaMG por x na Arena Independência PST";2019-05-19 18:31:59
"4";4;"0.279290437698364";"Precisamos falar sobre a importância do América MG nas nossas vidas Porque não é qualquer time que leva Paulão Maranh…";2019-05-26 18:11:57
"5";5;"0.709781289100647";"Placar da rodadaGaúchos no Brasileirão no final de semana

Série A
Grêmio x Atlético MG
Santos x Inter

Séri…";2019-05-26 18:11:47
"6";6;"0.519646883010864";"BotafogoSP 
Bragantino 
Londrina 
Sport 

Coritiba 
AtléticoGO 
Ponte Preta 
Cuiabá 
CRB 
São Bento …";2019-05-26 18:04:33
"7";7;"0.532539427280426";"Jogo do América MG";2019-05-26 18:03:36
"8";8;"0.349971681833267";"Atlético GO e America MG odeio vcs";2019-05-26 18:02:37
"9";9;"0.585972309112549";"Série Brodada

CriciúmaxGuarani
BragantinoxFigueirense
CRBxVila Nova
SportxLondrina
C…";2019-05-26 18:02:30
"10";10;"0.729122877120972";"Mais fácil América MG ganhar do Palmeiras";2019-05-26 17:29:13
"11";11;"0.469438672065735";"América leva virada do Brasil de Pelotas e cai para lanterna da Série B do Brasileiro";2019-05-26 17:17:53
"12";12;"0.529707610607147";"Zagueiros
Thiago Martins YokohamaJapão 
Nathan GrasshopperSuíça
Emerson Santos Internacional 
Pedrão Amér…";2019-05-26 15:20:03
"13";13;"0.603497862815857";"Já disse e repito o América Mg ajuda mais o Vasco do que o próprio Vasco";2019-05-26 15:11:51
"14";14;"0";"Jogador muito ruim teve uma boa fase no AméricaMG emmas depois não deu caldo em lugar nenhum";2019-05-26 14:55:07
"15";15;"0.529707610607147";"Zagueiros
Thiago Martins YokohamaJapão 
Nathan GrasshopperSuíça
Emerson Santos Internacional 
Pedrão …";2019-05-26 14:10:15
"16";16;"1";"No jogo Brasil de Pelotas x América MG o público foi bem maior";2019-05-26 13:19:52
"17";17;"0.437285184860229";"eu acho que ele não joga porra nenhuma mas foi contratado vamos torcer ele jogou bem no América mg";2019-05-26 12:50:16
"18";18;"0.132791459560394";"Goleiro Thiago do FLAMENGOemprestado ao AméricaMGestreiou falhando 

Lamentável<U+0001F926><U+200D><U+2642><U+FE0F>";2019-05-26 12:20:06
"19";19;"0";"Eu podia tá sofrendo por causa de homem nãoto sofrendo por causa de América MG 
Quanta tristeza";2019-05-26 11:57:42
"20";20;"0.460267126560211";"Sdds quando o Vasco vencia seus jogos em casa VascoxAmérica Mg rs";2019-05-26 11:30:16
"21";21;"0.834754765033722";"América MG gigante <U+0001F60D>";2019-05-26 11:15:35
"22";22;"0.553808927536011";"No duelo dos desesperados BrasilPel vence de virada o AméricaMG e afunda o Coelho para a lanterna da Série B";2019-05-26 10:32:48
"23";23;"0.505840539932251";"Luiz FernandoManosFluminense BRA para AméricaMG BRAempréstimo";2019-05-26 10:20:12
"24";24;"0.565756499767303";"E o América MG do Prof Barbieri tempto emjogos da Série B";2019-05-26 09:41:06
"25";25;"0.279290437698364";"Precisamos falar sobre a importância do América MG nas nossas vidas Porque não é qualquer time que leva Paulão Ma…";2019-05-26 09:32:56
"26";26;"0.541921198368073";"AMÉRICA EM PERIGO

Há quem ache cedo mas com apenasponto emjogos o América MG lanterna da Série B precis…";2019-05-26 09:29:33
"27";27;"0.0454545468091965";"Eu comecei a ler essa notícia já estava ficando puto achando que o desgraçado ia voltar mas graças a Deus existe o…";2019-05-26 08:30:31
"28";28;"0.5";"Resenhas de Boleiros amp BoleirasBrasileiroSérieB – Rodada 

Bento FreitasPelotasRSSábadoBra…";2019-05-26 07:39:13
"29";29;"0.455363154411316";"América leva virada do Brasil de Pelotas e cai para lanterna da Série B do BrasileiroSuperesportes";2019-05-26 07:36:50
"30";30;"1";"Bom dia América MG rumo a série C";2019-05-26 06:55:39
"31";31;"0.573418140411377";"SÉRIE B Ponte vence mais uma Bota retoma ponta e AméricaMG é lanterna";2019-05-26 06:50:00
"32";32;"0.561773896217346";"Onde assistir Brasil de Pelotas x AméricaMG AO VIVO Campeonato Brasileiro Série B";2019-05-26 06:26:34
"33";33;"0.528144478797913";"BrasilxAméricaMGXavante vence a primeira e passa a lanterna";2019-05-26 06:05:00
"34";34;"0.661389052867889";"AméricaMG pauta reação com chegada de reforços veja nomes confirmados e engatilhados";2019-05-26 05:00:26
"35";35;"1";"Que Deus nos abençoe e nos capacite em mais essa batalha <U+0001F64F><U+0001F64C> <U+0001F49A>
AMERICAMG x Lusacaba <U+0001F407>
 Blessed";2019-05-26 03:00:19
"36";36;"0.517681002616882";"<U+0001F1E7><U+0001F1F7>Brasileirão Série B

 Rodada

Ontem

Brasil de Pelotas RSXAmérica MG

<U+26BD> Murilo Rangel e Bruno Pau…";2019-05-26 00:14:54
"37";37;"0.769264400005341";"BrasilRS vira em cima do AméricaMG e comemora a primeira vitória na Série B";2019-05-26 00:13:03
"38";38;"0.801803827285767";"Brasil de Pelotas vira em cima do América MG e comemora a primeira vitória na Série B";2019-05-25 23:57:53
"39";39;"0.465343445539474";"Mano o Thiago já falhou pelo América MG kkkkk kkk mds em";2019-05-25 23:50:46
"40";40;"0.859528422355652";"BrasilRS vira em cima do AméricaMG e comemora a primeira vitória na Série B Com o resultado equipe gaúcha encer…";2019-05-25 23:46:35
"41";41;"0.705661952495575";"Resultados dos Gaúchos neste sábado pelo Brasileiro

Série A

<U+26BD> Grêmio x AtléticoMG

Série B

<U+26BD> Brasil x A…";2019-05-25 23:42:57
"42";42;"0.207125216722488";"Luiz Fernando EXPULSO na estreia pelo America MG <U+0001F625>";2019-05-25 23:36:18
"43";43;"0.0258834362030029";"Brasil de Pelotas derrota AméricaMG em casa e deixa lanterna da Série B";2019-05-25 23:21:24
"44";44;"0.121618956327438";"Não faço meuspontos na loteca por causa do AméricaMG";2019-05-25 23:20:54
"45";45;"0.856726229190826";"Xavante Enfim a primeira vitória";2019-05-25 23:09:57
"46";46;"0.538045525550842";"Ofoi derrotado peloporna noite deste sábado

A equipe caiu para a lanterna da…";2019-05-25 22:59:04
"47";47;"0.630210995674133";"FIM DE JOGO

AMÉRICA MG X SPORT

O POPOTI FINALMENTE FOI MALVADO COM O ADVERSÁRIO E VENCEU UMA PARTIDA LONGE DA RMR";2019-05-19 17:57:03
"48";48;"0.519981920719147";"Hyuri virou a partida no último minuto AméricaMG x Sport

Foi ogol de Hyuri com a camisa do Leão em jogos…";2019-05-19 17:57:01
"49";49;"0.196244269609451";"E eu vi gente pedindo o tal do Mauricio nao sei das quantas que ta no america MG Fraquissimo Guto Ferreira com…";2019-05-19 17:56:37
"50";50;"0.525937914848328";"Tx DE PÊNALTI GUILHERME DEIXA TUDO IGUAL NO INDEPENDÊNCIA AméricaMG x Sport 

AFCxSPT VamosMeuLeão P…";2019-05-19 17:56:33
"51";51;"0.490561246871948";"a gente GANHOU um jogo do América mg e FORA DE CASA";2019-05-19 17:56:24
"52";52;"0.528395771980286";"AméricaMG tomou a virada emminutos e o jogo acaboux";2019-05-19 17:55:39
"53";53;"0.449468106031418";"GOL Em sua estreia Hyuri recebe a bola sozinho na entrada da área ficou frente a frente com Jori e virou a partid…";2019-05-19 17:55:36
"54";54;"0.561342895030975";"<U+0001F4CC> FIM DE JOGO

 AmericaMG x SportGols Ademir• Guilherme e Hyuri 

<U+0001F3C6> Brasileirão Série B<U+0001F1E7><U+0001F1F7>…";2019-05-19 17:55:24
"55";55;"0.503721714019775";"TERMINOU

AméricaMGxSport RecifePE
Campeonato Brasileiro Série B
 Rodada

 palpites nesta p…";2019-05-19 17:55:00
"56";56;"0.588059782981873";"GOOL DOA Sport RecifePE
AméricaMGxSport RecifePE
Campeonato Brasileiro Série B
 Rodada

…";2019-05-19 17:54:55
"57";57;"0.341191560029984";"ACABOU
AméricaMG x Sport
Gol Guilherme e Hyuri
Jogo nota 
Arbitragem 
MelhoresNorberto Maylson Élto…";2019-05-19 17:54:34
"58";58;"0.449468106031418";"GOL Em sua estreia Hyuri recebe a bola sozinho na entrada da área ficou frente a frente com Jori e virou a par…";2019-05-19 17:54:30
"59";59;"0.651207566261292";"GOOOOOOOOOOOOOOOOOOOOOOOOOOOOOOOOOOLLL DO LEÃO DA ILHA

<U+0001F464> Hyuri
<U+23F0> 

AmericaMGSport";2019-05-19 17:53:55
"60";60;"0.514751315116882";"Olha o AméricaMG tomou a viradax";2019-05-19 17:53:48
"61";61;"0.523897588253021";"De pênalti Guilherme deixou tudo igual nos minutos finais do jogo AméricaMG x Sport

Foi ogol de Guilherm…";2019-05-19 17:53:46
"62";62;"0.517230212688446";"Gol do Sport Hyuri vira a partida contra o América no Independência <U+27A1><U+FE0F>";2019-05-19 17:53:37
"63";63;"0.543234527111053";"Tx DE PÊNALTI GUILHERME DEIXA TUDO IGUAL NO INDEPENDÊNCIA AméricaMG x Sport 

AFCxSPT…";2019-05-19 17:52:20
"64";64;"0.543234527111053";"AméricaMG x Sport";2019-05-19 17:51:52
"65";65;"0.5";"América MGSport";2019-05-19 17:50:39
"66";66;"0.572165131568909";"GOL Aosminutos o Sport empata o jogo com Guilherme de pênalti Acompanhe o jogo em tempo real…";2019-05-19 17:50:31
"67";67;"0.538052797317505";"Gol do Sport Guilherme empata de pênalti contra o América no Independência <U+27A1><U+FE0F>";2019-05-19 17:50:26
"68";68;"0.651207566261292";"GOOOOOOOOOOOOOOOOOOOOOOOOOOOOOOOOOOLLL DO LEÃO DA ILHA

<U+0001F464> Guilherme
<U+23F0> 

AmericaMGSport";2019-05-19 17:50:21
"69";69;"0.397667467594147";"Pênalti para o Sport Pedrão comete jogada temerária dentro da área e a arbitragem assinala a infração <U+27A1><U+FE0F>…";2019-05-19 17:49:31
"70";70;"0.616493999958038";"Aosminutos de jogo o Sport tem a chance de empatar o jogo A arbitragem marca pênalti em cima de Elton Acomp…";2019-05-19 17:48:52
"71";71;"0.5";"Tx Gol do AméricaMG

AFCxSPT";2019-05-19 17:47:14
"72";72;"0.552404046058655";"AméricaMG jogando igual time pequeno";2019-05-19 17:46:51
"73";73;"0.545169234275818";"BRATAméricaMGxSportSegue o jogo em MG";2019-05-19 17:38:23
"74";74;"0.521018266677856";"Série B do brasileiro 

Em andamento 

América MGxSport";2019-05-19 17:38:02
"75";75;"0.67461085319519";"Gooooooooool do América MG
Ademir Santos abre o placar 
 x
SerieB";2019-05-19 17:35:58
"76";76;"0.365162014961243";"Esse AméricaMG adora errar um passe Que é isso rapaz";2019-05-19 17:35:40
"77";77;"0.737138688564301";"Esse é o primeiro gol marcado pelo AméricaMG nesta Série B Além disso vai conquistando a sua primeira vitória na…";2019-05-19 17:35:02
"78";78;"0.5";"Gol do AméricaMG";2019-05-19 17:33:51
"79";79;"0.405088812112808";"CURIOSIDADE

O AméricaMG não marca um gol desde o diade março";2019-05-19 17:32:43
"80";80;"0.521018266677856";"GOL DOA AméricaMG
AméricaMGxSport RecifePE
Campeonato Brasileiro Série B
 Rodada

 palpi…";2019-05-19 17:31:55
"81";81;"0.512629806995392";"Gol do América Ademir abre o placar no Estádio Independência <U+27A1><U+FE0F>";2019-05-19 17:31:19
"82";82;"0.527797341346741";"GOOOOOOOOOOOOOOOOOOOOOOOOOOOOOOOOOOLLL DO COELHO 

<U+0001F464> Ademir 
<U+23F0> 

AmericaMGSport";2019-05-19 17:30:43
"83";83;"0.667341113090515";"GoooooL
Ademir
AméricaMG x Sport";2019-05-19 17:30:30
"84";84;"0.532539427280426";"Golaço do América MG";2019-05-19 17:30:21
"85";85;"0.515755534172058";"Se o América MG trocar três passes o Independência cai";2019-05-19 17:26:53
"86";86;"0.594144582748413";"Fraquíssimo esse time do América MG";2019-05-19 17:26:20
"87";87;"0.426663041114807";"TSport mais presente no setor defensivo do adversário O ímpeto do AméricaMG baixou e o Leão precisa aprov…";2019-05-19 17:25:47
"88";88;"0.501222491264343";"Assim tá o América MG na segundona bola pra cá bola pra láe gol que é bom nada No finalzinho sofre um gol e adeu…";2019-05-19 17:23:03
"89";89;"0.534769535064697";"Sai Neto Berola com cãibras e entra o Everton pelo América MG";2019-05-19 17:14:02
"90";90;"0.573294997215271";"FIM DO PRIMEIRO TEMPO

América MG x Amigos do Mailson";2019-05-19 17:09:53
"91";91;"0.5169997215271";"Intervalo

Série A

Athletico PRxCorinthians 
ChapecoensexFortaleza 
InternacionalxCSA
Goiás …";2019-05-19 17:08:41
"92";92;"0.525477051734924";"Começa o segundo tempo para AméricaMG x Sport

AFCxSPT VamosMeuLeão PST";2019-05-19 17:06:01
"93";93;"0.526579320430756";"<U+0001F4CC> COMEÇA O SEGUNDO TEMPO

 AmericaMG x Sport 

<U+0001F3C6> Brasileirão Série B<U+0001F1E7><U+0001F1F7>Rodada";2019-05-19 17:04:25
"94";94;"0.543234527111053";"tempo em andamento 
AméricaMG x Sport";2019-05-19 17:04:24
"95";95;"0";"América MG sem fazer gol não ganha jogo e fica em situação deficiência na série B Até quando";2019-05-19 17:01:41
"96";96;"0";"Pena q ele não quis vir no início defoi para o América MG deveria ter vindo antes";2019-05-19 16:57:58
"97";97;"0.480051696300507";"<U+0001F1E7><U+0001F1F7>Brasileirão Série B

 Rodada

Intervalo

Estádio Independência

América MGXSport Recife";2019-05-19 16:56:40
"98";98;"0.709227502346039";"Bola rolando para AméricaMG x Sport pelarodada do Campeonato Brasileiro Vamos Leão 

AFCxSPT VamosMeuLeão PST…";2019-05-19 16:52:39
"99";99;"0.631450176239014";"Torço muito pelo Maurício Barbieri Ele precisa dar certo no América MG pós esse jogo pois vem numa escadinha de descida FlaGoiasAmerica";2019-05-19 16:51:50
"100";100;"0.319913357496262";"Fim do primeiro tempo Sport e AméricaMG vão para o intervalo sem gols 

AFCxSPT VamosMeuLeão PST";2019-05-19 16:50:43
"101";101;"0.321530491113663";"O América MG deu a oportunidade para o Sport consertar o ataque Brocador tem que sair Esperarmin para ver se…";2019-05-19 16:50:21
"102";102;"0.543234527111053";"Fim do primeiro tempo AméricaMG x Sport";2019-05-19 16:49:16
"103";103;"0.403846919536591";"Paulão que zagueiro da porra do América MG";2019-05-19 16:48:56
"104";104;"0.550177335739136";"<U+0001F4CC> INTERVALO 

 AmericaMG x Sport 

<U+0001F3C6> Brasileirão Série B<U+0001F1E7><U+0001F1F7>Rodada";2019-05-19 16:48:50
"105";105;"0.493881374597549";"INTERVALO EM MINAS
AméricaMG x Sport

Guilherme PERDEU GOL FEITO aos 

Sport com atuação fraquíssima Mayl…";2019-05-19 16:48:31
"106";106;"0.612434148788452";"TQUASEEE

Bela trama do Leão pela direita bola sobrou para Guilherme Na finalização Paulão salvou o AméricaMG

EuPraticoSport";2019-05-19 16:48:27
"107";107;"0.503294706344604";"AméricaMG x Sport

Atuação fraquíssima do Sport Os dois volantes deixam o América chutar toda hora";2019-05-19 16:42:03
"108";108;"0.545169234275818";"Fraquíssimo o lateral direito do América MG";2019-05-19 16:39:50
"109";109;"0.129629626870155";"Não gosto de ver jogo em tv aí quando me dar vontade de ver a Globo me vem com América MG x Sport Tomar no cu né";2019-05-19 16:37:34
"110";110;"0.501796364784241";"América MG x Sport

Ow jogo feio da dixgrasa";2019-05-19 16:36:02
"111";111;"0";"Sport travado sem ofensividade Não consegue furar a marcação doAméricaMG Os laterais não avançam Sammir tent…";2019-05-19 16:31:37
"112";112;"0.989592969417572";"AméricaMG x Sport hoje na Série B teremos uma mulher apitando o jogo sensacional <U+0001F44F><U+0001F3FB><U+0001F44F><U+0001F3FB>";2019-05-19 16:29:32
"113";113;"0.247282028198242";"minutos e o Sport não chutou uma bola no gol do América MG";2019-05-19 16:29:02
"114";114;"0.51294994354248";"TChute forte pelo escanteio do América MG Felipe Azevedo dá um chute de fora da área e a bola corria para o…";2019-05-19 16:28:54
"115";115;"0.479502886533737";"TChute forte pelo escanteio do América MG Felipe Azevedo dá um chute de fora da área e a bola corria p…";2019-05-19 16:28:41
"116";116;"0.521957516670227";"Tx Jogador do América MG dá uma cabeçada no pé de João Igor";2019-05-19 16:27:39
"117";117;"0.499861776828766";"Série A do brasileiro 

Em andamento 

 minutos 

Athletico PRxCorinthians 
ChapecoensexFortaleza…";2019-05-19 16:27:32
"118";118;"0.857540607452393";"AméricaMG x Sport Narração Online e placar ao vivo – Campeonato Brasileiro Série B futebol futebolstatsdv sdv A…";2019-05-19 16:26:29
"119";119;"0.200207993388176";"Hoje temos um jogo da série B em andamento América MG e sport vão empatando ema 
Não lembro de ter visto um jo…";2019-05-19 16:26:22
"120";120;"0.514891266822815";"As duas finalizações do jogo foram do AméricaMG BEM perigosas por sinal A primeira logo no primeiro minuto de…";2019-05-19 16:25:14
"121";121;"0.588403761386871";"m do o tempo America MG X Sport";2019-05-19 16:25:05
"122";122;"0.511089384555817";"TAméricaMG trabalha a bola e as jogadas terminam sempre do lado de Norberto Time mineiro conhece muito be…";2019-05-19 16:25:05
"123";123;"0.512629806995392";"BRA TAméricaMGxSportSegue o jogo";2019-05-19 16:20:31
"124";124;"0.48029750585556";"Pouco movimentados estesminutos de jogo Apenas uma finalização em gol por parte do AméricaMG Sport sem muit…";2019-05-19 16:17:45
"125";125;"0.19620306789875";"AméricaMG x Sport

Arbitra do jogo até agora um desastre
Mão do América na área ela não marcou Bolada nas cos…";2019-05-19 16:14:19
"126";126;"0.581974148750305";"AméricaMG X Sport AO VIVO COM IMAGENS HD – Brasileirão Série B";2019-05-19 16:13:33
"127";127;"0.575773954391479";"AMERICA MG X SPORT AO VIVO – Brasileirão";2019-05-19 16:13:33
"128";128;"0.217908352613449";"não liga pro AméricaMG mesmo né 
Globo Nordeste fazendo transmissão do Jogo com Sport e a emissora de Minas nem aí";2019-05-19 16:13:32
"129";129;"0.575031280517578";"AmericaMG x Sport AO VIVO COM IMAGEM HD";2019-05-19 16:12:57
"130";130;"0.543234527111053";"Assistir AméricaMG x Sport Ao Vivo";2019-05-19 16:12:23
"131";131;"0.582716763019562";"Assistir América MG x Sport ao vivo Brasileirão Série B";2019-05-19 16:12:10
"132";132;"0.376710295677185";"America MG x SportBrasileirão Série BRodada BOMBA PES";2019-05-19 16:12:08
"133";133;"0.349476844072342";"TLeão troca passes busca espaços no posicionamento defensivo do AméricaMG Até aqui nada de chances de b…";2019-05-19 16:11:54
"134";134;"0.187247395515442";"AméricaMG x Sport

Arbitra do jogo até agora um desastre
Mão do América na área ela não marcou Bolada na…";2019-05-19 16:11:34
"135";135;"0.614513516426086";"AMÉRICA MG X SPORT AO VIVO COM IMAGENS HD – BRASILEIRÃO SÉRIE B – SPORTV AO VIVO";2019-05-19 16:11:16
"136";136;"0.564519584178925";"AméricaMG x SportCampeonato Brasileiro Série B Rodada PES";2019-05-19 16:11:11
"137";137;"0.554700493812561";"AMÉRICAMG X SPORT AO VIVO HDBRASILEIRÃO SÉRIE BRODADA";2019-05-19 16:11:11
"138";138;"0.582716763019562";"América MG x Sport AO VIVO – Brasileirão Série B";2019-05-19 16:10:37
"139";139;"0.543234527111053";"ASSISTIR AMÉRICAMG X SPORT AO VIVO";2019-05-19 16:10:34
"140";140;"0.543234527111053";"Assistir AméricaMG x Sport AO VIVO – JOGO AO VIVO";2019-05-19 16:10:34
"141";141;"0.5";"TGol do AméricaMG";2019-05-19 16:06:36
"142";142;"0.480246990919113";"E esse lance de mão dentro da área agora do zagueiro do America Mg Rembrand tricobarbie nem tocou no assunto";2019-05-19 16:05:38
"143";143;"0.390796899795532";"Começou AméricaMG x Sport Uma dúvida pra quem foi o minuto de silêncio antes do jogo O SporTV nada falou";2019-05-19 16:05:07
"144";144;"0.59110701084137";"Sim tem jogo dela hoje América MG x Spolti";2019-05-19 16:03:45
"145";145;"0.709227502346039";"Bola rolando para AméricaMG x Sport pelarodada do Campeonato Brasileiro Vamos Leão 

AFCxSPT…";2019-05-19 16:02:26
"146";146;"0.550177335739136";"<U+0001F4CC> BOLA ROLANDO

 AmericaMG x Sport 

<U+0001F3C6> Brasileirão Série B<U+0001F1E7><U+0001F1F7>Rodada";2019-05-19 16:01:52
"147";147;"0.561704874038696";"Bola rolando para Sport x AméricaMG Acompanhe o jogo em tempo real";2019-05-19 16:01:34
"148";148;"0.526713073253632";"O estádio do América MG praticamente sem ninguém";2019-05-19 16:00:05
"149";149;"0.71642017364502";"Bola vai rolar em breve no Independência para AméricaMG x Sport";2019-05-19 15:58:51
"150";150;"0.710487365722656";"América MG x Sport na tela da Globo serie B em horário nobre da série A tenho críticas contra essa mizeravi mas…";2019-05-19 15:57:23
"151";151;"0.752611935138702";"Boa tarde torcedor Pelarodada da Série B o Sport enfrenta o AméricaMG na Arena Independência Acompanhe o jo…";2019-05-19 15:53:59
"152";152;"0.752611935138702";"Boa tarde torcedor Pelarodada da Série B o Sport enfrenta o AméricaMG na Arena Independência Acompanhe o…";2019-05-19 15:51:02
"153";153;"0.580997467041016";"AMÉRICAMG Time do CoraçãoAcumuladas TimemaniaMegaSenaQuinaDupla Senae Dia de Sor…";2019-05-19 15:50:25
"154";154;"0.517598509788513";"OsInicias da Equipe do AmericaMG <U+0001F465>

Jori Leandro Silva Paulão Pedrão João Paulo Ze RicardoJuninh…";2019-05-19 15:50:10
"155";155;"0.550177335739136";"<U+0001F3C6>Brasileirão Série B<U+0001F1E7><U+0001F1F7>Rodada<U+23F0> 

<U+0001F4CD> AméricaMG x Sport";2019-05-19 15:49:59
"156";156;"0.565085649490356";"AO VIVO acompanhe em tempo real os lances do jogo entre América e Sport pela Série B do Campeonato Brasileiro…";2019-05-19 15:45:06
"157";157;"0.581610143184662";"<U+0001F4FA> TV ONLINE Assista AméricaMG x Sport ao vivo Série B";2019-05-19 15:40:06
"158";158;"0.481146812438965";"AmericaMGminutos e nenhum gol marcado nesta Série B No jogo passado um empate sem gols diante do Criciúma…";2019-05-19 15:35:45
"159";159;"0.575773954391479";"América MG x Sport";2019-05-19 15:34:03
"160";160;"0.561605215072632";"LOTERIAS
AMÉRICAMG Time do CoraçãoAcumuladas TimemaniaMegaSenaQuinaDupla S…";2019-05-19 15:21:23
"161";161;"0.663536310195923";"América tradicionalíssimo Onde Como
O Esporte de Recife sim
America MG seria um Ituano um Guarani aqui em São Paulo";2019-05-19 15:20:06
"162";162;"0.736895680427551";"Em busca da primeira vitória Barbieri repete escalação do América para encarar o Sport";2019-05-19 15:12:23
"163";163;"0.282361388206482";"AméricaMG também escalado Velho conhecido dos rubronegros o atacante Felipe Azevedo vai como titular";2019-05-19 15:11:51
"164";164;"0.57444041967392";"Precisando decolar na Série B Sport visita o AméricaMG na Arena Independência";2019-05-19 15:09:49
"165";165;"0.955664873123169";"Boa tarde seguidores Estamos iniciando a cobertura para o duelo deste domingo entre AméricaMG e Sport Vem com…";2019-05-19 15:09:40
"166";166;"0.57962566614151";"Luiz chegou ano passado último clube foi o América MG Meio campista canhoto

Jonathan chegou esse…";2019-05-19 15:00:40
"167";167;"0.880325436592102";"SerieBAméricaMG e Sport duelam às h no Estádio Independência em Belo Horizonte pela quarta rodada do Bras…";2019-05-19 14:54:54
"168";168;"0.543234527111053";"AméricaMG Escalação x Sport";2019-05-19 14:52:24
"169";169;"0.555864334106445";"Acompanhe o jogo entre AméricaMG x Sport no";2019-05-19 14:45:29
"170";170;"0.612321138381958";"Enquanto uns se divertem outros
América MG x Sport
Transamérica Recife FM";2019-05-19 14:45:05
"171";171;"0.56378161907196";"<U+0001F1E7><U+0001F1F7>Brasileirão Série BHoje

 Rodada



Estádio Independência

América MG X Sport Recife";2019-05-19 14:35:38
"172";172;"0.56378161907196";"futebolBrasileiro série Bquarta rodadaúnico jogo de hojehsAmérica MG x Sport Recife";2019-05-19 14:32:00
"173";173;"0.532539427280426";"Gol do América MG";2019-05-19 14:30:47
"174";174;"0.639323055744171";"Desarme é Desarme O americamg do volante flaviosilva recebe o Sport às h pelo Brasileiro Série B
América…";2019-05-19 13:38:26
"175";175;"0.267737805843353";"No dia que eu tiver mesmo do América MG eu paro de torcer para o Sport";2019-05-19 13:28:25
"176";176;"0.737623691558838";"Hoje

Série B do brasileiro 

h

América MG x Sport

Série C do brasileiro 

h

ABC x BotafogoPB 
Juventude…";2019-05-19 13:26:37
"177";177;"0.614762187004089";"Desarme é Desarme Odo volanterecebe o Sport às h pelo Brasileiro Série B…";2019-05-19 13:15:40
"178";178;"1";"Edina Alves Batista FIFASP apita hoje AméricaMG x Sport

Boa sorte Menina

Torcendo dobrado por ela";2019-05-19 12:57:54
"179";179;"0.316821187734604";"Vamos jogar hoje no Z da série B O pensamento não pode ser nada além da vitória o time que ainda não venceu ning…";2019-05-19 12:42:53
"180";180;"0.228165447711945";"Se eu não me engano o ultimo gol de falta do São Paulo foi marcado pelo Nene noturno do Brasileiro do ano passado contra o América MG";2019-05-19 12:17:07
"181";181;"0.29956465959549";"Série B No Independência AméricaMG defende tabu contra o Sport";2019-05-19 12:00:00
"182";182;"1";"rodada até o momento boa para ose AME x SPO empatarem ou vitória do America MG e combinado com um…";2019-05-19 11:59:18
"183";183;"0.841774642467499";"Como assistir AméricaMG x Sport Futebol AO VIVO – Campeonato Brasileiro Série B futebol futebolstatsdv sdv Aces…";2019-05-19 11:51:13
"184";184;"0.550177335739136";"AméricaMG x Sport Onde assistir AO VIVO – Brasileirão Série B";2019-05-19 11:40:09
"185";185;"0";"Adversário AméricaMG ainda não marcou gols nesta Série B";2019-05-19 11:36:57
"186";186;"1";"América MG

TBT do Coelhão <U+0001F519><U+0001F430>
<U+2800><U+2800><U+2800><U+2800><U+2800><U+2800><U+2800><U+2800><U+2800>
A lembrança deste comingo é mais que especial Jair Bala campeão mineir…";2019-05-19 11:26:03
"187";187;"0.704323410987854";"AméricaMG vence Bahia Lusaca e abre vantagem nas oitavas de final do Brasileiro AfutebolGloboesporte";2019-05-19 11:12:23
"188";188;"0.982508361339569";"Pressionado para vencer América encara Sport na estreia de Barbieri em Belo HorizonteSuperesportes";2019-05-19 11:10:50
"189";189;"0.483980894088745";"América vence primeiro jogo das oitavas de final do Brasileiro Feminino ASuperesportes";2019-05-19 11:10:33
"190";190;"0.543234527111053";"Ao vivo Préjogo AméricaMG x Sport";2019-05-19 11:08:28
"191";191;"0.59314501285553";"Perdeu do Real Madridanos edia depois vai entrar em campo contra o AméricaMg vamos ver no que vai dar h…";2019-05-19 10:29:03
"192";192;"0.845672428607941";"É o famoso um olho no padre e outro na missa Mesmo totalmente focado no duelo com o AméricaMG técnico Guto Ferreira s…";2019-05-19 09:35:26
"193";193;"0.982508361339569";"Pressionado para vencer América encara Sport na estreia de Barbieri em Belo Horizonte";2019-05-19 09:24:47
"194";194;"0.159954816102982";"AméricaMG ainda não marcou sequer gol no campeonato Tudo certo pra dar errado 

Fim de jogo América x Sport U…";2019-05-19 08:40:10
"195";195;"0.718425393104553";"Em busca da primeira vitória AméricaMG encara Sport no Independência";2019-05-19 08:01:22
"196";196;"0.588876605033875";"Préjogo – Tudo sobre AméricaMG x Sport Campeonato Brasileiro Série B";2019-05-19 06:07:32
"197";197;"0.609410285949707";"Flamengo CRF
 O goleiro Thiago doestaria de saída De acordo com algumas fontes o goleiro estaria acer…";2019-05-19 04:09:12
"198";198;"0.545356035232544";"AméricaMG x SportPrognóstico do duelo buscando a fuga do Z Seleção AméricaMG Sport AméricaMGxSport…";2019-05-19 03:51:13
"199";199;"0.787111759185791";"Já entra na zona amanhã com a vitória do AméricaMG";2019-05-19 00:31:22
"200";200;"0.36711597442627";"Só se fordos torcedores do AmericaMG cuja maioria sofre de alzheimer pela idade avançada";2019-05-19 00:21:07
"201";201;"0.751290678977966";"vitória do Sport na série B vai ser fora de casa contra o América MG Pode anotar <U+0001F592>";2019-05-19 00:19:12
"202";202;"0.659455358982086";"BRASILEIRO FEMININO A AméricaMG bate BahiaLusaca e sai em vantagem nas oitavas";2019-05-19 00:10:00
"203";203;"0.545508146286011";"No ano q podia ser Campeão BR Conseguiu ser único time a perder para América MG la e Figueirense na Vil…";2019-05-18 23:20:53
"204";204;"0.478125333786011";"Tu podia assumir o América MG para o verdadeiro Barbieri voltar";2019-05-18 23:17:52
"205";205;"0";"Tá no América MG <U+0001F61F><U+0001F61F>";2019-05-18 23:10:09
"206";206;"0.762790501117706";"Buscando a primeira vitória na Série B AméricaMG e Sport se enfrentam no Independência";2019-05-18 23:07:51
"207";207;"0.560481488704681";"Resultado do Concursoda Timemania sorteado em 
Time do Coração AMÉRICAMG";2019-05-18 22:54:08
"208";208;"0.916333615779877";"Amanha tem Sportao levantando mais um defuntonunca venceu o america mg la e ainda vai levar gol de felipe azevedo <U+0001F603>";2019-05-18 22:39:27
"209";209;"0.114368081092834";"O América mg tá mal na série b né Ainda n marcou gols já sabem o q vai acontecer amanhã né Kk";2019-05-18 22:35:51
"210";210;"0.488340795040131";"Oportunidades para recuperar esses pontos

 Athletico Paranaense C e F
 Bahia F
 Botafogo F
 Ceará C
 Chap…";2019-05-18 22:15:52
"211";211;"0.450569868087769";"o arquiteto abel falou o que do estádio do america mg";2019-05-18 22:15:24
"212";212;"0.488340795040131";"Oportunidades para recuperar esses pontos

 Athletico Paranaense C e F
 Bahia F
 Botafogo F
 Ceará C…";2019-05-18 22:14:59
"213";213;"0.52574610710144";"x no america mg ano passado";2019-05-18 21:26:25
"214";214;"0.575773954391479";"Sport <U+0001F981>x<U+0001F430> América MG";2019-05-18 21:25:56
"215";215;"0.30304354429245";"não existe o independência é do América MG";2019-05-18 21:22:33
"216";216;"0.687183380126953";"Vai exaltar o Arão a torcida adversaria Chará Cazares e o estadio do America MG";2019-05-18 21:20:44
"217";217;"0.532539427280426";"América MG";2019-05-18 21:19:56
"218";218;"0.531526446342468";"Não entendo pq o América MG liberou o Jussani

Entendo mto bem pq o Ceará mandou aquela ingua pra cá";2019-05-18 21:16:28
"219";219;"1";"Que o estádio do America MG é mais lindo que o Maracanã";2019-05-18 21:08:38
"220";220;"0.528252363204956";"Onde assistir ao jogo AméricaMG x Sport– AO VIVO TV e streaming –";2019-05-18 20:49:47
"221";221;"0.0454545468091965";"Essas foram as piores substituições q eu já vi desde Flamengo x América Mg O Fla ainda esperou um mês para demitir…";2019-05-18 20:32:39
"222";222;"0.561605215072632";"Resultado Timemania 



Time do Coração AméricaMG";2019-05-18 20:32:10
"223";223;"0.0238095242530107";"Pra piorar o globo esporte relembra que a última vez que o Sport ganhou do América MG foi em<U+0001F61F><U+0001F61F>";2019-05-18 20:28:28
"224";224;"0.5";"TimemaniaResultado do Concursorealizado emTime do Coração AMÉRICAMG timemania";2019-05-18 20:28:22
"225";225;"0.433262705802917";"Nem o Richarlyson foi pelo Fluminense kkkk foi pelo América MG";2019-05-18 20:19:52
"226";226;"0.782756149768829";"mas cruzeiro é o melhor time do br vcs vão ver qnd eles jogarem contra america mg urt tupinambas etc";2019-05-18 20:13:43
"227";227;"0.301261246204376";"Atleticano adora passar uma vergonha mesmo não é atoa que são menores até que o América MG";2019-05-18 20:08:37
"228";228;"0.653607547283173";"América Mineiro x Sport veja onde assistir ao vivo online o jogo hoje <U+0001F4FA>";2019-05-18 20:07:29
"229";229;"0.522259891033173";"Bahia perde para o AméricaMG nas oitavas do Brasileirão feminino";2019-05-18 19:51:19
"230";230;"0.772107422351837";"A jogo do América MG x Sport amanhã independe de quem ganhe ou até mesmo o empate já coloca o vice naposição";2019-05-18 19:46:33
"231";231;"0.730518817901611";"A Feminino BahiaLusaca perde para o AméricaMG em Belo Horizonte";2019-05-18 19:16:49
"232";232;"0.234919011592865";"Meu irmão o Sport tá na zona e pega América MG e o Londrina Sei não viu Gordiola";2019-05-18 19:05:17
"233";233;"0.551681220531464";"Eu estava outro diavendo os gols do Arrasca pelo Cruzeiro e os times que ele mais fez go…";2019-05-18 18:59:45
"234";234;"0.480059444904327";"mas pra chegar no Rafael Moura precisa de muito arroz com feijão
rebaixado em
…";2019-05-18 18:59:07
"235";235;"0.384618639945984";"AméricaMG e Sport se enfrentam em busca de reabilitação na Série B";2019-05-18 18:36:20
"236";236;"0.750441551208496";"futebolBrasileiro feminino Ajogo encerradoem Belo HorizonteAmérica MGxLusaca BA";2019-05-18 17:28:57
"237";237;"0.616151928901672";"OITAVAS DE FINAL 

Bahia Lusaca perde jogo de ida e precisa vencer o confronto da volta porgols de diferença p…";2019-05-18 17:18:00
"238";238;"0.547261297702789";"desde quando o américa mg joga a série A";2019-05-18 17:08:28
"239";239;"0.970426559448242";"Guto Ferreira quer Sport mais consistente para vencer o AméricaMG";2019-05-18 17:07:22
"240";240;"0.42815375328064";"Coelhãozinho venceu outra na Copa Brasileirinho Estadual sub";2019-05-18 17:02:57
"241";241;"0.936218082904816";"Bahia precisa vencer comgols de vantagem na volta para se classificar Se vencer por x é penalti qualquer empate da América MG";2019-05-18 16:57:03
"242";242;"0.502121448516846";"BrasileiroFeminino <U+0001F1E7><U+0001F1F7>A

Result

America MGBahia Lusaca";2019-05-18 16:56:27
"243";243;"0.0492904186248779";"Acabou fim de jogo América MG xa volta é aqui em Pituaço";2019-05-18 16:56:09
"244";244;"0.532762348651886";"BrasileiroFeminino <U+0001F1E7><U+0001F1F7>A

Goal Bahia Lusaca 

America MGBahia Lusaca";2019-05-18 16:50:57
"245";245;"0.502121448516846";"BrasileiroFeminino <U+0001F1E7><U+0001F1F7>A

 America MGBahia Lusaca";2019-05-18 16:32:00
"246";246;"0.630329191684723";"América deve repetir o time que empatou com o Criciúma no último sábado com Jori Leandro Silva Pedrão Paulão e J…";2019-05-18 15:51:12
"247";247;"0.563726663589478";"BrasileiroFeminino <U+0001F1E7><U+0001F1F7>A

Half time

America MGBahia Lusaca";2019-05-18 15:51:11
"248";248;"0.503840208053589";"Hyuri recebe elogios e fica próximo de estreia no Sport Rapidez e drible
Atacante que tem animado técnico Guto Fer…";2019-05-18 15:35:12
"249";249;"0.502121448516846";"BrasileiroFeminino <U+0001F1E7><U+0001F1F7>A



America MGBahia Lusaca";2019-05-18 15:29:09
"250";250;"0.562882125377655";"Com maior média de roubadas de bolas da Série B comdesarmes certos empartidas na competição Charles é uma peça fu…";2019-05-18 15:07:05
"251";251;"0.428537666797638";"<U+0001F3A5> Rubronegros no nosso Instagram Stories tem a coletiva do treinador Guto Ferreira a última antes de enfrentarmos o Amé…";2019-05-18 15:06:33
"252";252;"0.861384809017181";"É o famoso um olho no padre e outro na missa Mesmo totalmente focado no duelo com o AméricaMG técnico Guto Fer…";2019-05-18 14:54:28
"253";253;"0";"Primeiramente O Paquetá nem merecia ser convocado pq não tá fazendo porra nenhuma no Milan 
Segundamente O Richar…";2019-05-18 14:51:16
"254";254;"0.676386177539825";"Galera qual o site que passará o jogo do Bahia com o América MG";2019-05-18 14:50:58
"255";255;"0.679758191108704";"Além da primeira vitória na Série B Sport busca quebrar tabus contra o AméricaMG";2019-05-18 14:23:22
"256";256;"0.52683025598526";"Thiago goleiro do Flamengo deve assinar com o AméricaMG na próxima semana";2019-05-18 14:02:37
"257";257;"0.503840208053589";"Hyuri recebe elogios e fica próximo de estreia no Sport Rapidez e drible
Atacante que tem animado técnico Guto…";2019-05-18 13:52:33
"258";258;"0.505435466766357";"Com treino tático Barbieri faz últimos ajustes no América antes de receber Sport pela Série B";2019-05-18 13:50:15
"259";259;"0.619227766990662";"futebolCampeonatos Brasileirospróximos jogos 
 Feminino A Flamengo x VitóriaSub Grêmio…";2019-05-18 13:41:11
"260";260;"0.586430430412292";"Copa Do Brasil

Jogos de volta
Placar Agregado

• Oitavas de Final 

PaysanduxFluminense
America MG …";2019-05-18 13:28:49
"261";261;"0.556450486183167";"Copa Do Brasil

Jogos de ida

• Oitavas de Final 

PaysanduxFluminense
America MGxCorinthians
Sa…";2019-05-18 13:28:46
"262";262;"0.553891003131866";"Copa Do Brasil

Jogos de volta
Placar Agregado

• Oitavas de Final 

PaysanduxFluminense
America…";2019-05-18 13:27:27
"263";263;"0.467359453439713";"<U+0001F981>SPORT Hyuri recebe elogios e fica próximo de estreia no Sport Rapidez e drible

Atacante que tem animado téc…";2019-05-18 13:22:07
"264";264;"0.550452470779419";"Copa Do Brasil

Jogos de ida

• Oitavas de Final 

PaysanduxFluminense
America MGxCorinthian…";2019-05-18 13:21:01
"265";265;"0.275941252708435";"Efetivo no Mineiro ataque do AméricaMG cai de produção e busca encerrar jejum de gols";2019-05-18 13:13:55
"266";266;"0.976190447807312";"Parabéns ao Bayern e a essa maravilha que é o campeonato alemão Assim como a Juve continuem assim em breve poder…";2019-05-18 12:59:20
"267";267;"0.560486912727356";"Vasco x AméricaMG

Campeonato Sub";2019-05-18 12:58:11
"268";268;"0.514396011829376";"Como assistir AméricaMG x Bahia Lusaca AO VIVO – Campeonato Brasileiro Feminino Série A futebol futebolstatsdv…";2019-05-18 12:53:07
"269";269;"0.509420394897461";"No Independência Maurício Barbieri projeta América ofensivo contra o Sport";2019-05-18 11:49:15
"270";270;"0.351950883865356";"Bahia NotíciasEsportesEC BahiaLateral do BahiaLusaca comenta ansiedade para enfrentar o AméricaMG…";2019-05-18 11:49:08
"271";271;"0.649570524692535";"Ainda sem vencerem na Série B AméricaMG e Sport duelam em Belo Horizonte";2019-05-18 11:47:19
"272";272;"0.181377857923508";"Ataque do AméricaMG cai de produção e busca encerrar jejum de gols Último gol marcado pelo Coelho na temporada…";2019-05-18 11:06:43
"273";273;"0.756251037120819";"AméricaMG x SportCandidatos ao acesso buscam primeira vitória";2019-05-18 11:05:00
"274";274;"0.35356742143631";"SPORTSport encara AméricaMG em busca de reabilitação na Série B";2019-05-18 11:00:10
"275";275;"0.736575603485107";"Hoje às h tem América MG x Bahia A equipe do esquadrão feminino joga pela classificação
Avante meninas";2019-05-18 10:46:16
"276";276;"0.536961913108826";"Por indicação de Barbieri Flamengo encaminha o empréstimo de Thiago para o AméricaMG";2019-05-18 10:21:38
"277";277;"0.612508833408356";"Um zagueiro que na minha opinião formaria uma boa dupla de zaga com o Luíz Otávio era o Messias ex Amér…";2019-05-18 10:04:43
"278";278;"0.605477213859558";"Com transmissão Bahia Lusaca enfrenta o AméricaMG neste sábado";2019-05-18 09:58:33
"279";279;"0.89646989107132";"Vamos evoluir pessoal o América MG deu um grande exemplo de inclusão respeitando as diferenças

Na Premier League…";2019-05-18 08:57:46
"280";280;"0.530914783477783";"Flamengo acertou o empréstimo de Thiago ao AméricaMG";2019-05-18 04:29:07
"281";281;"0.553292036056519";"Rycharlison é base do América mg";2019-05-18 01:45:49
"282";282;"0.457678943872452";"Richarlison era do América mg";2019-05-18 01:45:18
"283";283;"0.47956109046936";"Teve times da série b…";2019-05-18 01:06:38
"284";284;"0";"Ele não teve grande visibilidade no Flu mas foi revelado pelo América MG eu acho";2019-05-17 23:38:18
"285";285;"0";"O que não tô entendendo é porque até agora não apareceu nenhuma hashtag Boicote ao América MG";2019-05-17 23:18:42
"286";286;"0.0713573098182678";"Nao importa é revelaçao do América MG se não o Phelipe…";2019-05-17 22:30:54
"287";287;"0.417257875204086";"Achei que o Richarlison tinha sido revelado pelo América MG";2019-05-17 22:24:00
"288";288;"0.532539427280426";"América mg";2019-05-17 22:11:51
"289";289;"0.525725305080414";"América mg claramente o maior de Minas kkkkkkkkkk";2019-05-17 21:57:58
"290";290;"0.300130993127823";"Desde quando o Richarlison veio da base do fluminense

Noroeste e America Mg não existem";2019-05-17 21:09:22
"291";291;"0.50087571144104";"Série B AméricaMG está perto de anunciar goleiro do Flamengo";2019-05-17 20:45:00
"292";292;"0.444220006465912";"pra mim o richarlison era cria do América MG";2019-05-17 20:41:27
"293";293;"0.542161703109741";"Pedrão emprestado pelo Palmeiras ao América Mg estava no Independência torcendo pelos amigos da base

CriasDaAcademi…";2019-05-17 20:39:06
"294";294;"0.707926869392395";"Bahia Santos América MG Grêmio Fluminense Vasco Corinthians Flamengo e Athletico PR foram alguns que se pronunciaram";2019-05-17 20:33:41
"295";295;"0.780608654022217";"Mais ambientado ao AméricaMG Barbieri vê evolução na equipe para vencer a primeira na Série B";2019-05-17 20:25:15
"296";296;"0.588020443916321";"América MG meu amigo foi quem deu a ele a oportunidade de se torna um profissional";2019-05-17 19:54:21
"297";297;"0.561097145080566";"Com Sport e AméricaMG em busca davitória na Série B técnico Guto Ferreira projeta jogo aberto";2019-05-17 19:22:31
"298";298;"0.427836000919342";"Técnico do BahiaLusaca promete equipe ofensiva diante do AméricaMG";2019-05-17 19:16:44
"299";299;"0.463631272315979";"Contra o AméricaMG Sport conta com quatro retornos e possível estreia do atacante Hyuri";2019-05-17 19:13:33
"300";300;"0.415907859802246";"<U+0001F3A5> Rubronegros no nosso Instagram Stories tem a coletiva do treinador Guto Ferreira a última antes de enfrentarmo…";2019-05-17 19:00:44
"301";301;"0.561097145080566";"Com Sport e AméricaMG em busca davitória na Série B técnico Guto Ferreira projeta jogo aberto…";2019-05-17 18:54:18
"302";302;"0.517319321632385";"Guto focou em finalizações no trabalho da semana e falou sobre isso Confere aí também a coletiva na íntegra do professor…";2019-05-17 18:29:23
"303";303;"0.5";"AméricaMG encaminha contratação do goleiro Thiago do Flamengo";2019-05-17 18:24:29
"304";304;"0.638530552387238";"Acabou de anunciar na GLOBO NORDESTE AméricaMG x Sport domingo

Agora deram o tiro de misericórdia na esperança Corneta";2019-05-17 17:55:48
"305";305;"0.575556576251984";"Matheusinho
ClubeAmérica MG 
 anos 
Atual camisado América mineirojogador com um futuro muito promissor <U+0001F440><U+0001F440>";2019-05-17 17:40:32
"306";306;"0.330077350139618";"Tabu contra o poderoso AméricaMG é o fim da picada 

Deve ser dos mesmos produtores dos tabus contra Icasa Marília";2019-05-17 17:25:26
"307";307;"0.514567852020264";"Náutico AméricaMG Bangu Acompanhe na thread

LGBTfobia";2019-05-17 17:10:22
"308";308;"0.543196678161621";"Já curti publicação do Corinthians Bahia Vasco AméricaMG entre outros mas meu clube de coraçãonão…";2019-05-17 17:10:17
"309";309;"0.506821274757385";"pensei nisso hoje em relação às ações de marketing dos times de futebol
em plenoos unicos times q…";2019-05-17 16:50:28
"310";310;"0.693082332611084";"Fraca foram as outras ediçõesteve Botafogo Santa Náutico Bahia Vitória Paysan…";2019-05-17 16:36:53
"311";311;"0.592874884605408";"Bahia América MG Santos são alguns ótimos exemplos";2019-05-17 16:15:19
"312";312;"0.268350899219513";"A sociedade evolui e não adianta espernear

Dia Internacional contra a Homofobia contra o Sport capitão do Amé…";2019-05-17 16:15:17
"313";313;"0.106686472892761";"Com uma defesa desastrosa era difícil subir qto mais ser o Na frente dependência de…";2019-05-17 15:54:41
"314";314;"0.539228200912476";"Boa tarde Rodrigo vc acha que clubes com endividamento muito alto podem no futuro…";2019-05-17 15:02:19
"315";315;"0.587706089019775";"Por mais que o richarlison goste do flu todos sabemos que ele veio do América mg";2019-05-17 14:57:01
"316";316;"0.5";"AméricaMG encaminha contratação do goleiro Thiago do Flamengo flamengo netfla centraldoflamengo";2019-05-17 14:55:28
"317";317;"0.649447739124298";"Do Santos

 SANxSport SANxVasco
 FluminensexSAN SANxAmericaMG SAN…";2019-05-17 14:55:25
"318";318;"0.551733732223511";"Dia Internacional contra a Homofobia contra o Sport capitão do América usará faixa com cores LGBT";2019-05-17 14:49:19
"319";319;"0.540116190910339";"Técnico do Sport conta com retorno de atletas para jogo contra AméricaMG";2019-05-17 14:43:53
"320";320;"0.941018462181091";"Informação extra e bem honesta
Se quiser chegar cedo a turma ainda vai assistir AméricaMG x Sport e entre h e …";2019-05-17 14:38:15
"321";321;"1";"parabéns ao santos america mg bahia e grêmio por isso coisa simples mas que é importante demais <U+0001F3F3><U+FE0F><U+200D><U+0001F308>";2019-05-17 14:13:33
"322";322;"0.602932572364807";"Dia Internacional contra a Homofobia América entrará em campo contra o Sport com bandeira LGBT";2019-05-17 14:12:14
"323";323;"0.459176778793335";"barbieri tá no america mg bicho";2019-05-17 14:04:04
"324";324;"0.460813403129578";"Na verdade ele foi revelado pelo Real Noroe…";2019-05-17 13:59:57
"325";325;"0.915912389755249";"Informação extra e bem honesta
Se quiser chegar cedo a turma ainda vai assistir AméricaMG x Sport e entre h…";2019-05-17 13:59:11
"326";326;"0.5";"AméricaMG encaminha contratação do goleiro Thiago do FlamengofutebolGloboesporte";2019-05-17 13:55:43
"327";327;"0.532539427280426";"Rycharlison revelado pelo América MG";2019-05-17 13:54:17
"328";328;"0.602932572364807";"Dia Internacional contra a Homofobia AméricaMG entrará em campo contra o Sport com bandeira LGBT";2019-05-17 13:54:00
"329";329;"0.602932572364807";"Dia Internacional contra a Homofobia AméricaMG entrará em campo contra o Sport com bandeira LGBT…";2019-05-17 13:52:25
"330";330;"0.517319321632385";"Guto focou em finalizações no trabalho da semana e falou sobre isso Confere aí também a coletiva na íntegra do pro…";2019-05-17 13:22:02
"331";331;"0.532539427280426";"Ídolo do América MG";2019-05-17 13:09:32
"332";332;"0.607349693775177";"Olha só aumentou minhas chances de ir pra Belo Horizonte em setembro KKkkkkKk no sábado América mg X Criciúma e dom…";2019-05-17 13:08:51
"333";333;"0.545169234275818";"Richarlison representa o América MG <U+0001F919><U+0001F3FB>";2019-05-17 13:06:06
"334";334;"0.771040558815002";"New post Thiago goleiro do Flamengo deve assinar com o AméricaMG na próxima semana";2019-05-17 12:52:07
"335";335;"0.518602252006531";"RicharlisonAmerica MG 
Thiago SilvaJuventude";2019-05-17 12:49:17
"336";336;"0.681207001209259";"Boa p garoto pegar experiência";2019-05-17 12:42:37
"337";337;"0.614758312702179";"Tem mais um goleiro chegando ao América Thiago do Flamengo vai assinar por empréstimo até o fim do ano Todas as partida…";2019-05-17 12:39:39
"338";338;"0.620222985744476";"Tem mais um goleiro chegando ao América Thiago do Flamengo vai assinar por empréstimo até o fim do ano Todas as…";2019-05-17 12:39:26
"339";339;"0.472664415836334";"Richarlison cria do América MG né";2019-05-17 12:34:25
"340";340;"0.52683025598526";"Thiago goleiro do Flamengo deve assinar com o AméricaMG na próxima semana";2019-05-17 12:25:53
"341";341;"0.52683025598526";"Thiago goleiro do Flamengo deve assinar com o AméricaMG na próxima semana flamengo";2019-05-17 12:17:40
"342";342;"0.337028205394745";"Tem essa concordância tbm mas se estivesse no América MG n…";2019-05-17 12:11:34
"343";343;"0.550371825695038";"Exatamente foi importante pro clube mas ele foi…";2019-05-17 12:11:09
"344";344;"0.562319576740265";"Richarlyson é do América MG definitivamente";2019-05-17 12:02:36
"345";345;"0.545441269874573";"Toscano relembra dupla com Richarlison e aprova mudança de posicionamento no AméricaSuperesportes";2019-05-17 12:02:07
"346";346;"0.725718080997467";"De olho no Sport AméricaMG intensifica preparação por primeira vitória na Série B";2019-05-17 11:59:42
"347";347;"0.453897744417191";"Ele conseguiu visão no América MG pra poder ir pro flu…";2019-05-17 11:53:08
"348";348;"0.532539427280426";"Revelado no América MG ponto";2019-05-17 11:50:33
"349";349;"0.510656654834747";"Mas foi revelado pelo América mg";2019-05-17 11:48:08
"350";350;"0.545169234275818";"Richarlison representa o america mg";2019-05-17 11:47:39
"351";351;"0.404549300670624";"Obs Richarlyson foi revelado pelo América MG N esqueçam disso";2019-05-17 11:46:48
"352";352;"0.529537618160248";"OBS Richarlyson foi revelado pelo América MG";2019-05-17 11:46:05
"353";353;"0.721900701522827";"Flamengo x América MG no Kleber Andrade emnao lembro se x ou x";2019-05-17 11:13:54
"354";354;"0.542161703109741";"Pedrão emprestado pelo Palmeiras ao América Mg estava no Independência torcendo pelos amigos da base…";2019-05-17 11:05:17
"355";355;"0.44144207239151";"O América MG Mesmo Ruim Das PernasSou Mais O SportxO Gols de Guilherme e Bocador Derva Boa T…";2019-05-17 11:03:24
"356";356;"0.463631272315979";"Contra o AméricaMG Sport conta com quatro retornos e Guto Ferreira sugere estreia do atacante Hyuri “jogador ime…";2019-05-17 10:35:50
"357";357;"0.447316586971283";"Acho que deveria começar o campeonato com a proibição da venda dos mandos Estranha…";2019-05-17 10:20:37
"358";358;"0.562882125377655";"Com maior média de roubadas de bolas da Série B comdesarmes certos empartidas na competição Charles é uma…";2019-05-17 10:00:49
"359";359;"0.862905561923981";"Guto esboça time do Sport o Sport vai até Belo Horizonte encarar o AméricaMG neste domingoàs h Para es…";2019-05-17 04:53:40
"360";360;"0.540116190910339";"Guto Ferreira esboça Sport para jogo do AméricaMG com uma mudançasportGloboesporte";2019-05-16 23:50:13
