"Id";"Score";"text";"data"
"1";"1";"0.570048213005066";"ATENÇÃO TRIPULAÇÃO PORTAS EM AUTOMÁTICO<U+2708><U+FE0F>
Fim de jogo Vencemos o Botafogo no Rio de Janeiro pela última rodada…";2019-06-12 21:21:19
"2";"2";"0.135885417461395";"Tmin É US GURII Jean Pyerre cobra uma falta com maestria no canto esquerdo do goleiro Cavalieri que tentou…";2019-06-12 20:58:08
"3";"3";"0.54075562953949";"Fim de jogo em Caxias do Sul
Grêmio x 
<U+0001F4AA><U+0001F3FD><U+26BD><U+0001F1EA><U+0001F1EA> GRExFOR Brasileirão VamosTricolor";2019-06-08 21:00:53
"4";"4";"0.13470932841301";"Me recuso a escutar qualquer rádio que não seja a do Grêmio tudo incoerentes e colorados";2019-06-15 01:41:13
"5";"5";"0.876479268074036";"Não vi o jogo tinha coisa melhor pra fazer Mas que prazer ouvir do Galvão 

Um golaço
Everton é o nome dele…";2019-06-15 01:34:38
"6";"6";"0.459557265043259";"Único gol que comemorei da seleção kkkk uma pena se ele sair na metade do ano mas esse guri joga é muito dale cebo…";2019-06-15 00:59:31
"7";"7";"0.553330481052399";"Torcida TricolorTorcida JBL
Jamais comparem
<U+0001F1E7><U+0001F1FC><U+0001F1E7><U+0001F1FC><U+0001F1E7><U+0001F1FC><U+0001F1E7><U+0001F1FC><U+0001F1E7><U+0001F1FC><U+0001F1E7><U+0001F1FC>
GRCdoHospicio RadioHospicio HospicioTricolor Gremio ht…";2019-06-15 00:32:16
"8";"8";"0.421919584274292";"GRÊMIO 
RESUMO DOSEMESTRE

Equilíbrio financeiro <U+2611><U+FE0F>
Campeonato Gaúcho <U+0001F3C6>
Classificação Copa do Brasil <U+2611><U+FE0F>
Classific…";2019-06-15 00:26:26
"9";"9";"0.45482674241066";"Manchete da imprensa gaúcha neste sábado Brasil do exinter Alisson vence na estreia da Copa América com direito…";2019-06-15 00:24:26
"10";"10";"0";"<U+0001F4AD> que bucha do Éverton <U+0001F4AD> <U+0001F621>

<U+0001F4AD> Qto o Gremio vai lucrar meu Deus <U+0001F4AD> <U+0001F629>

Iagomenino Nonato e oQuemnunca cheg…";2019-06-15 00:18:32
"11";"11";"0.462563753128052";"Grêmio negocia contratação de atacante da Chapecoense";2019-06-15 00:17:50
"12";"12";"0.831009805202484";"Curiosidade o último gol marcado por um jogador do Grêmio pela Seleção Brasileira havia sido Luizão háanosa …";2019-06-15 00:12:02
"13";"13";"0.736197769641876";"Bom final de semana pra todos os gremistas Já estamos com saudades da cancha Vivemos o Grêmio No segundo semestre…";2019-06-15 00:10:22
"14";"14";"0.284369826316833";"Não vi o jogo do Brasil e não me interessa em nada Mas me disseram que Cebolinha voou alto fera e craque e gênio…";2019-06-15 00:08:06
"15";"15";"0.438984930515289";"A cara de pau do comentarista da sport TV falar que o Tite chamou atenção do cebolinha para fazer a jo…";2019-06-15 00:05:39
"16";"16";"0.831009805202484";"Curiosidade o último gol marcado por um jogador do Grêmio pela Seleção Brasileira havia sido Luizão háanos …";2019-06-14 23:59:52
"17";"17";"0.526421368122101";"Depois de uma jogada veloz pela esquerda e um foguete de fora da área saiu o primeiro golaço do nosso craque Ceb…";2019-06-14 23:57:24
"18";"18";"0.512629806995392";"O GOLAÇO DO PELEVERTON <U+0001F1EA><U+0001F1EA>

gremio";2019-06-14 23:55:34
"19";"19";"0.207751274108887";"E a propaganda e comercial
CBF e o markenting
Everton Grêmio firma forte
O piá tem que vvvoooaarrr…";2019-06-14 23:52:58
"20";"20";"1";"Vvvooooaaa pppiiiáááá Vvvaaallleeww<U+0001F499><U+0001F499><U+0001F499><U+0001F44F><U+0001F44F> <U+0001F47D><U+0001F4AA><U+0001F4AA><U+0001F4AA><U+0001F4AA> É O Grêmio A FIRMA É FORTE";2019-06-14 23:48:41
"21";"21";"0.5";"<U+0001F1E7><U+0001F1F7>CopaAmerica
Ganó Brasila BoliviaGolesP Coutinho penP CoutinhoEverton
<U+25AA><U+FE0F>Se descat…";2019-06-14 23:47:06
"22";"22";"0.405138522386551";"O ROBBEN no Bayern de Munique fazia a mesma jogada manjada pela direita e ninguém podia com ele
EVERTON do Grêm…";2019-06-14 23:41:49
"23";"23";"0.393110454082489";"O ROBBEN no Bayern de Munique fazia a mesma jogada manjada pela direita e ninguém podia com ele
EVERTO…";2019-06-14 23:38:31
"24";"24";"0.511728167533875";"Opodia usar a grana da venda do Cebolinhapra comprar o Cebolinha de novo copaamerica Cebolinha Gremio";2019-06-14 23:35:56
"25";"25";"0.5";"<U+0001F1E7><U+0001F1F7>CopaAmerica
Ganó Brasila BoliviaGolesP Coutinho penP CoutinhoEverton
<U+25AA><U+FE0F>Se de…";2019-06-14 23:34:38
"26";"26";"0.223867356777191";"Esse golo do CeboLLinha acaba de comprar a gestão da Arena Grêmio";2019-06-14 23:33:38
"27";"27";"0.310711532831192";"O Brasil não merece o Everton 

Deixa ele aqui quieto Aqui ele é bem tratado sem descansar no banco 

hospiciotricolor 
Grêmio";2019-06-14 23:33:13
"28";"28";"0.398975372314453";"Um gol com a “assinatura” do Éverton Gol autoral sou fã dele desde que era uma promessa Eu sempre acreditei nele…";2019-06-14 23:32:59
"29";"29";"0.37483873963356";"Reposted from reinadogremistaGOLACO DO CEBOLINHA EU DISSEgremio soutricolor libertadores…";2019-06-14 23:27:27
"30";"30";"0.663652837276459";"QUE HOMEM Gremio 
QUE JOGADOR <U+0001F44F><U+0001F44F><U+26BD><U+0001F1E7><U+0001F1F7><U+0001F1E7><U+0001F1FC>";2019-06-14 23:26:58
"31";"31";"0.0592727065086365";"menos quemilhões de euros não vende o Cebolinha
Everton Grêmio SeleçãoBrasileira";2019-06-14 23:26:31
"32";"32";"0.574947237968445";"É o cheque em branco do presidente
É o Gremio";2019-06-14 23:23:45
"33";"33";"0.528316497802734";"Pouco recurso o pessoal BRAxBOL Grêmio Sextou Rolante gincana";2019-06-14 23:23:26
"34";"34";"0.589833736419678";"Melhor cantada que um gremista poderia presenciar hj em dia seria do Everton com a libertadores 
Saudades daq…";2019-06-14 23:19:18
"35";"35";"0.374566435813904";"Cebolinha Everton SeleçãoBrasileira Grêmio 
 milhões de euros menos do que isso nem apareçam";2019-06-14 23:19:15
"36";"36";"0.574947237968445";"Éverton Cebolinha é o cheque em branco do presidente
É o Gremio";2019-06-14 23:18:53
"37";"37";"1";"A Imprensa vai vender manchetes
Everton e o GOLAÇO
Grêmio gera o financeiro de muitos <U+0001F44C><U+0001F44C><U+0001F44F><U+0001F44F><U+0001F64C><U+0001F64C>";2019-06-14 23:18:07
"38";"38";"0.509165585041046";"Golaço do CEBOLINHA mostrando à que veio meu guri <U+0001F44F><U+0001F3FC><U+0001F1E7><U+0001F1F7><U+0001F1EA><U+0001F1EA><U+0001F535><U+26AB><U+26AA> CopaAmerica BRAxBOL Grêmio";2019-06-14 23:15:40
"39";"39";"0.506846725940704";"O que foi esse gol do everton
Do Grêmio na seleção Mas que golaço meu Deus 
<U+0001F4AA><U+0001F4AA><U+0001F4AA><U+0001F91F><U+0001F44F><U+0001F44F><U+0001F44F><U+0001F44F>";2019-06-14 23:14:22
"40";"40";"0.484648823738098";"Que golaço cebolinha gremio";2019-06-14 23:14:17
"41";"41";"0.720457434654236";"Única coisa boa do jogo ver gol Everton golaço Gremio";2019-06-14 23:14:08
"42";"42";"0.690746903419495";"Parecia meio que replay do gol contra o PachucaMEX na Semifinal do Mundial de clubes
É o Gremio";2019-06-14 23:13:54
"43";"43";"0.560982942581177";"Falei que o Peléverton ia furar essa zaga da Bolívia Everton CopaAmerica gremio peleverton goldoeverton";2019-06-14 23:13:46
"44";"44";"0.0427491068840027";"Nessas horas oq deve ter de gremistas pedindo pro Everton jogar mal SeleçãoBrasileira Grêmio";2019-06-14 23:13:37
"45";"45";"0.209547579288483";"Esse gol me deu nostalgia do MundialCopaAmerica Gremio";2019-06-14 23:13:27
"46";"46";"0.326533377170563";"Pronto agora o Everton não volta mais pro Grêmio Que GOLAÇO <U+0001F44F><U+0001F44F><U+0001F44F>";2019-06-14 23:12:42
"47";"47";"0.484648823738098";"GOOOOOLO de CEBOLINHA 

Gremio";2019-06-14 23:12:04
"48";"48";"0.521341323852539";"Opaaaaa acho que o jogador brasileiro mirou na mão do boliviano Grêmio CorxGre CopaAmerica";2019-06-14 22:38:03
"49";"49";"0.631611764431";"Hoje é o Dia Mundial do Doador de Sangue e a campanha SangueTorcedor começou

Vá ao HEMORGS e participe da campanha S…";2019-06-14 22:33:39
"50";"50";"0.904174566268921";"Lembrando quert eu posto o vídeo do meu Timão Campeão <U+0001F499><U+0001F451>…";2019-06-14 22:19:59
"51";"51";"0";"Gremio estão todos reclamando que o Everton tá no banco Eli não mostrou nada quando esteve em campo parecendo o…";2019-06-14 22:14:17
"52";"52";"0.290960371494293";"Pois éE sem Artur parece que a seleção táengessada Acho que sou muito Grêmio";2019-06-14 22:09:37
"53";"53";"0.566712558269501";"ATENÇÃO TRIPULAÇÃO PORTAS EM AUTOMÁTICO<U+2708><U+FE0F>
Fim de jogo Vencemos o Botafogo no Rio de Janeiro pela última rodada antes da pa…";2019-06-14 22:07:51
"54";"54";"0.533382415771484";"Minha única Seleção é o Grêmio";2019-06-14 21:34:46
"55";"55";"0.569717824459076";"Marcelo Morenoanos é omaior artilheiro da história da Seleção da Bolívia Sãogols empartidas do e…";2019-06-14 21:31:18
"56";"56";"0.483477592468262";"Um ABRAÇO pro GREMISTA que pediu
RushThe Spirit Of Radio
 
GRCdoHospicio 
RadioHospicio…";2019-06-14 21:15:20
"57";"57";"0.0707914233207703";"Linguagem corporal da trolagem Felipe Vizeu comemorou depois indignou
Penalti não espera só tiro de meta…";2019-06-14 21:10:45
"58";"58";"0.476706266403198";"Toca Ramones aí
Poison Heart
HospicioTricolor GRCdoHospicio 
Grêmio";2019-06-14 20:15:16
"59";"59";"0.942488789558411";"GRCdoHospicio RadioHospicio 
Grêmio
Rolando música boa de alta qualidade";2019-06-14 20:08:10
"60";"60";"0.573457539081573";"Hj prefiro o PAULO VICTOR 
Que Cresceu uma ENORMIDADE Gremio";2019-06-14 20:06:04
"61";"61";"0.614171981811523";"FutebolnaVeia O grêmio vai ter uma parada tranquila Recuperar forma física jogadores e o Painato vai ajeitar a carruagem";2019-06-14 19:57:34
"62";"62";"0.838210463523865";"Daqui a pouco às hs tem Grêmio Rock Club na Rádio Hospício
Come o convida…";2019-06-14 19:41:45
"63";"63";"0.674473464488983";"PARTIU CASTRAR ESSA IMPRENSA
SalaDoHospicio Grêmio ÉosGuri";2019-06-14 19:17:35
"64";"64";"0.76591682434082";"Nova coluna do
PARTIU CASTRAR ESSA IMPRENSA
SalaDoHospicio RádioHospício Gremio ColunistasDoHospicio
htt…";2019-06-14 19:15:10
"65";"65";"0.472624242305756";"Nova Coluna do
QUANDO O INVERNO ACABAR
GRCdoHospicio RadioHospicio HospicioTricolor Gremio";2019-06-14 19:14:44
"66";"66";"0.637879014015198";"Hoje é o Dia Mundial do Doador de Sangue e a campanha SangueTorcedor começou

Vá ao HEMORGS e participe da campan…";2019-06-14 19:11:59
"67";"67";"1";"Bom o importante era ganhar Mas fala sério a gente reclama quando o VAR nos prejudica com interpretações esdrúxula…";2019-06-08 21:00:48
"68";"68";"0.335176825523376";"<U+0001F5E3><U+FE0F>Pepê atacante do <U+0001F1E7><U+0001F1FC>Grêmio O Jean Pyerre é um craque eu fico sempre esperando esses passes dele";2019-06-08 21:00:47
"69";"69";"0.746381759643555";"Grêmio no Brasileirão 

 colocado
 jogospontos
 vitórias
 empates
 derrotas
 gols pró
 gols con…";2019-06-08 21:00:43
"70";"70";"0.600083112716675";"A precisão de Jean Pierre é incomparável Gremio tem uma jóia rara O Brasileirão é treino";2019-06-08 21:00:39
"71";"71";"0.479089319705963";"<U+0001F5E3><U+FE0F>Patrick meiaatacante do <U+0001F1E7><U+0001F1FC>Grêmio Estivemos focados osminutos como o professor Renato pede";2019-06-08 21:00:39
"72";"72";"0.533087909221649";"Tmin É US GURI Jean Pyerre encontra o Pepê invadindo a área pelo lado direito da defesa cearense e ele abre o placar pa…";2019-06-08 21:00:37
"73";"73";"1";"Pepê atacante do Grêmio A gente tenta suprir a ausência dele da melhor forma possível e hoje tive a felicidade…";2019-06-08 21:00:24
"74";"74";"0.446928530931473";"Pepê atacante do Grêmio O professor Renato sempre deixa bem claro para a gente estar preparado não importa se é novo ou velho";2019-06-08 20:59:55
"75";"75";"0.091112345457077";"Acabou o jogo de GrêmioxFortaleza pelo Brasileirão SabadoDetremuraSDV";2019-06-08 20:59:50
"76";"76";"0.650948047637939";"Grêmio como mandante em 

 jogos
 vitórias
 empates
 derrotas
 gols pró
 gols contra
Aproveitamento…";2019-06-08 20:59:37
"77";"77";"0.702841997146606";"Grêmio em 

 jogos
 vitórias
 empates
 derrotas
 gols pró
 gols contra
Aproveitamento 
Artilheiro E…";2019-06-08 20:59:34
"78";"78";"0.311092466115952";"Situação Grêmio não tem como voltar para o Z nesta rodada Além da vitória sobre o Fortaleza o empate entre Cruze…";2019-06-08 20:59:31
"79";"79";"0.471849203109741";"Pepê atacante do Grêmio O Jean Pyerre é um craque e a gente sempre fica esperando grandes passes dele";2019-06-08 20:59:30
"80";"80";"0.443864375352859";"Três pontos importantes Grêmio";2019-06-08 20:59:25
"81";"81";"0.5";"Faltampontos Grêmio";2019-06-08 20:59:06
"82";"82";"0.731033504009247";"Oh Grêmiiiio valeu
Grêmio";2019-06-08 20:59:04
"83";"83";"0.404388189315796";"Pepê atacante do Grêmio A gente tava num momento difícil no G mas conseguimos uma boa vitória";2019-06-08 20:59:01
"84";"84";"0.0454545468091965";"Não é balela mas nas dificuldades eu sei que o Grêmio cresce e tô twittando desde cedo hoje começa a jornada po…";2019-06-08 20:58:45
"85";"85";"0.699415445327759";"Pepê atacante do Grêmio Essa vitória nos dá um ânimo a mais para encarar o Botafogo na próxima rodada";2019-06-08 20:58:39
"86";"86";"0.30164709687233";"Situação Grêmio não tem como voltar para o Z nesta rodada Além da vitória sobre o Fortaleza o empate entre…";2019-06-08 20:58:26
"87";"87";"0.5";"FIM DE JOGO

GRÊMIOXFORTALEZA";2019-06-08 20:58:23
"88";"88";"0.833049297332764";"Baita vitória Grêmio O que importa é ospontos <U+26BD><U+0001F44F>";2019-06-08 20:58:13
"89";"89";"0.32907634973526";"Patrick meia do Grêmio O Renato pediu para eu entrar e fazer o que estávamos trabalhando";2019-06-08 20:58:10
"90";"90";"0.650948047637939";"Grêmio em 

 jogos
 vitórias
 empates
 derrotas
 gols pró
 gols contra
Aproveitamento 
Artilhei…";2019-06-08 20:58:02
"91";"91";"0.526128232479095";"Definitivamente onão pode ser titular no Grêmio";2019-06-08 20:57:48
"92";"92";"0.728638350963593";"Boa noite seus fora da zona
Grêmio";2019-06-08 20:57:45
"93";"93";"1";"André atacante do Grêmio O time foi bem teve paciência e o time do Fortaleza veio bem montado";2019-06-08 20:57:41
"94";"94";"0.5";"Grêmio

TGRExFOR 

<U+27A1><U+FE0F> Lateral esquerda non ecxiste
<U+27A1><U+FE0F> Tardellipara esquentar igual Chevette álcool
<U+27A1><U+FE0F>Ceni botou…";2019-06-08 20:57:38
"95";"95";"0.305553108453751";"Tmin CARTÃO DE VISITAS Recém entrou em campo mas já apresentou o cartão de visitas testando o Felipe Alves de fora da…";2019-06-08 20:57:31
"96";"96";"0.691479563713074";"Os guris fizeram a diferença tenham paciência com Jean Pyerre tem muito talento Gremio";2019-06-08 20:57:17
"97";"97";"0.502813220024109";"<U+26AB><U+FE0F> Finalizado
GrêmioxFortaleza
Fim de jogo Grêmio Fortaleza cartola futebol cartolando";2019-06-08 20:57:04
"98";"98";"0.546989798545837";"<U+23F3> Teremosminutos de acréscimo na etapa complementar
Grêmio x 
<U+0001F4AA><U+0001F3FD><U+26BD><U+0001F1EA><U+0001F1EA> GRExFOR Brasileirão VamosTricolor";2019-06-08 20:56:20
"99";"99";"0.450909078121185";"Grêmiofim de jogo no Centenário GrêmioxFortaleza Pouca mais de quatro mil torcedores presentes Expecta…";2019-06-08 20:56:17
"100";"100";"0.610300242900848";"Grêmio x Fortaleza Resumo em instantes no nosso site";2019-06-08 20:55:59
"101";"101";"0.896633982658386";"valew a torcida e dálhe Grêmio 
A firma é grande a Firma é Forte";2019-06-08 20:55:37
"102";"102";"0.576536893844604";"<U+0001F3C6> BrasileirãoNo apagar das luzes o tricolor vence encima do Fortaleza com gol de Pepê…";2019-06-08 20:55:20
"103";"103";"0.599348068237305";"Brasileirão<U+0001F1E7><U+0001F1F7>

Final de jogo no Centenário
Com um a mais em campo e com gol no finalzinho Grêmio ganha a equipe d…";2019-06-08 20:55:11
"104";"104";"1";"Grêmio Ô Pepê gosto mais de você do que de mim<U+0001F499><U+0001F499><U+0001F499>";2019-06-08 20:55:06
"105";"105";"0.4476597905159";"<U+23F1><U+FE0F>TFinal de jogo no Centenário

<U+26BD><U+FE0F>Pepê

<U+26BD><U+FE0F> <U+0001F1E7><U+0001F1FC>GrêmioxFortaleza
<U+0001F3C6> Campeonato BrasileiroRodada";2019-06-08 20:55:05
"106";"106";"0.578240513801575";"Fim de jogo no Centenário Grêmio x Fortaleza Gol de Pepê Tricolor deixa o Z e ocupa agora olugar com…";2019-06-08 20:55:03
"107";"107";"0.4191754758358";"Mesmo vendo as dificuldades do Grêmio em campo meu sentimento não me enganou A vitória tá aí";2019-06-08 20:54:59
"108";"108";"0.5";"Pedro Geromel fazendogremio cartolafc";2019-06-08 20:54:22
"109";"109";"0.47917839884758";"<U+0001F503> Substituição no Tricolor
<U+2B07><U+FE0F> Sai Tardelli
<U+2B06><U+FE0F> Entra Patrick
Grêmio x 
<U+0001F4AA><U+0001F3FD><U+26BD><U+0001F1EA><U+0001F1EA> GRExFOR Brasileirão VamosT…";2019-06-08 20:54:13
"110";"110";"0.5";"kkkkkkks acho que assim
Grêmio";2019-06-08 20:54:10
"111";"111";"1";"Obrigado Grêmio <U+0001F44F><U+0001F44F><U+0001F44F><U+0001F601><U+0001F601>
<U+0001F44A><U+26BD><U+FE0F><U+0001F1EA><U+0001F1EA>";2019-06-08 20:54:00
"112";"112";"0.605020523071289";"A firma é forte
É OS GURI
Grêmio";2019-06-08 20:52:56
"113";"113";"0.498843640089035";"Pelo amor de Deus To parindo uma bigorna com um jogo do Grêmio contra o Fortaleza Termina logo o";2019-06-08 20:52:37
"114";"114";"0.723565578460693";"A gente estava precisando dessa vitória Grêmio";2019-06-08 20:52:35
"115";"115";"0.209559977054596";"NUNCA CRITIQUEI TAMO JOGANDO MUITA BOLA EU VOU ME ASSOCIAR AGORA TE PREPARA LIVERPOOL 

Gremio";2019-06-08 20:52:27
"116";"116";"0.813884973526001";"<U+23F1><U+FE0F>TGOOOOOOOLLL DO GRÊMIO Jean Pyerre descobre passe espetacular para Pepê que entra em velocidade pela esquerda e a…";2019-06-08 20:52:16
"117";"117";"0.502121448516846";"A fórceps GRExFOR Grêmio vamostricolor";2019-06-08 20:52:12
"118";"118";"0.686613917350769";"jogo de Pepê emgol Ele agora é o vice artilheiro do Grêmio na temporada juntamente com Felipe Vizeu e Lu…";2019-06-08 20:51:59
"119";"119";"0.686613917350769";"jogo de Pepê emgol Ele agora é o vice artilheiro do Grêmio na temporada juntamente com Felipe Vizeu e Luan";2019-06-08 20:51:47
"120";"120";"0.832093834877014";"Gooooooollllllllll do Grêmio Pepê marca a bola desvia e entra 
Ótimo lançamento do Jean Pyerre
GrêmioFortalezaBrasileirão";2019-06-08 20:51:44
"121";"121";"1";"Vamos ganhar do Fortaleza com um gol contra de mão que fase Pelo menos o passe dofoi espetacular Grêmio Brasileirão";2019-06-08 20:51:29
"122";"122";"0.529001474380493";"Brasileirão<U+0001F1E7><U+0001F1F7>

GOOOOLLLL DO GRÊMIO
AOS MIN DOTEMPO PEPÊ ABRE O PLACAR PARA A EQUIPE GREMISTA HAJA CORAÇ…";2019-06-08 20:51:29
"123";"123";"0.505840539932251";"<U+23F1><U+FE0F>TCartão amarelo para Carlinhos do Fortaleza

<U+26BD><U+FE0F> <U+0001F1E7><U+0001F1FC>GrêmioxFortaleza
<U+0001F3C6> Campeonato BrasileiroRodada";2019-06-08 20:51:26
"124";"124";"0.427870631217957";"Pepeeeppepepeeeeeepepepepeeeepe Golo Que passe do JP Sai zica Aqui é Grêmio";2019-06-08 20:51:22
"125";"125";"0.605020523071289";"Ppppeeeppeee
GOLAÇO 
Passe de Jean Pyerre
Grêmio 
A firma é forte
É OS GURI
RTdoHospicio";2019-06-08 20:51:20
"126";"126";"0.525786399841309";"Tmin É US GURI Jean Pyerre encontra o Pepê invadindo a área pelo lado direito da defesa cearense e ele abre…";2019-06-08 20:51:02
"127";"127";"0";"Porra gremio o que que eu te fiz cara Vocês só ganham quando eu falo mal de vocês";2019-06-08 20:50:54
"128";"128";"0.505840539932251";"Grêmio amarelo para Alisson";2019-06-08 20:50:45
"129";"129";"0.778931975364685";"Pepê meu filho coisa linda isso
Vamo Grêmio";2019-06-08 20:50:44
"130";"130";"0";"Como pode o Grêmio jogar tão pouco ser tão previsível <U+0001F625><U+0001F625>";2019-06-08 20:50:39
"131";"131";"0.437696665525436";"TGOOOOOOOOOOOOOOOOOOOOOOOOOL DO GRÊMIO Pepê recebe passe cruzado de Jean Pyerre e mesmo sem ângulo cons…";2019-06-08 20:50:37
"132";"132";"0.724998712539673";"GOOOOOOOOLLL PORRAAA

Justiça seja feita Baita bola do Jean Pierry <U+0001F44F><U+0001F44F><U+0001F44F><U+0001F44A><U+26BD><U+FE0F><U+0001F1EA><U+0001F1EA>
Grêmio GRExFOR VamosTricolor";2019-06-08 20:50:36
"133";"133";"0.553267061710358";"O time do Grêmio é incapaz de articular uma jogada de ataque O que está saindo de melhor está vindo dos cruzamentos Gr…";2019-06-08 20:50:32
"134";"134";"0.303420275449753";"Gol Pepê faz aosminutos doTempo de GrêmioxFortaleza pelo Brasileirão SabadoDetremuraSDV";2019-06-08 20:50:23
"135";"135";"0.803552389144897";"<U+23F1><U+FE0F>TGOOOOOOOLLL DO GRÊMIO Jean Pyerre descobre passe espetacular para Pepê que entra em velocidade pela es…";2019-06-08 20:50:18
"136";"136";"0.516539931297302";"Gol Pepê abre o placar no Centenário Grêmio x Fortaleza Foi ogol dele no Brasileirão seuna temporad…";2019-06-08 20:50:11
"137";"137";"0.229417860507965";"Jean Pyerre lança com precisão e Pepê finaliza cruzado Bola ainda desviou no zagueiro e foi morrer no barbante Grêmioa";2019-06-08 20:50:08
"138";"138";"0.499341249465942";"Só pra calar minha boca Funcionou Grêmio GRExFOR";2019-06-08 20:49:33
"139";"139";"0.5";"Pppppeeeepppppeeeee
GOLAÇO
Grêmio";2019-06-08 20:49:32
"140";"140";"0.609639048576355";"<U+26BD><U+FE0F> Ripa na chulipa
GRExFOR
Gol de Pepê Grêmio Fortaleza cartola futebol cartolando";2019-06-08 20:49:23
"141";"141";"0.520752608776093";"Gremio PEPÊ é reserva Gooooooooollllllllll";2019-06-08 20:49:18
"142";"142";"0.520794928073883";"<U+0001F4DD> Cartão amarelo para Felipe Alves do Fortaleza
Grêmio x 
<U+0001F4AA><U+0001F3FD><U+26BD><U+0001F1EA><U+0001F1EA> GRExFOR Brasileirão VamosTricolor";2019-06-08 20:48:53
"143";"143";"0.541987836360931";"<U+0001F4DD> Cartão amarelo para o Alisson
Grêmio x 
<U+0001F4AA><U+0001F3FD><U+26BD><U+0001F1EA><U+0001F1EA> GRExFOR Brasileirão VamosTricolor";2019-06-08 20:48:48
"144";"144";"0";"Gremio Não teve FORÇA pra Ganhar de Avaí Ceará Juventude Fortaleza 

TA FODA ein E não se vê REAÇÃO principalmente…";2019-06-08 20:48:45
"145";"145";"0.30212277173996";"Eu só queria meu time campeão de volta Grêmio";2019-06-08 20:48:32
"146";"146";"0.108719050884247";"<U+23F1><U+FE0F>TCartão amarelo para Felipe Alves goleiro do Fortaleza por demora para cobrança de falta

<U+26BD><U+FE0F> <U+0001F1E7><U+0001F1FC>Grêmio…";2019-06-08 20:48:27
"147";"147";"0.505840539932251";"Grêmio C Amarelo para Alisson";2019-06-08 20:48:21
"148";"148";"0.48860239982605";"Grêmio Cartão Amarelo para Alisson";2019-06-08 20:48:21
"149";"149";"0.524420440196991";"<U+231B><U+FE0F>Chegamos nos minutos finais da partida 
Grêmio x 
<U+0001F4AA><U+0001F3FD><U+26BD><U+0001F1EA><U+0001F1EA> GRExFOR Brasileirão VamosTricolor";2019-06-08 20:48:12
"150";"150";"0.54850435256958";"Não conseguem fazer UM gol no Fortaleza Parabéns Grêmio";2019-06-08 20:48:08
"151";"151";"0.43070188164711";"Grêmio saiu Tardelli entrou Patrick";2019-06-08 20:48:04
"152";"152";"0.19310450553894";"<U+0001F4D2> Cartão Amarelo GRExFOR
GRExFOR
Cartão amarelo para Alisson por falta forte em André Luís Grêmio…";2019-06-08 20:47:53
"153";"153";"0.51996523141861";"<U+23F1><U+FE0F>TCartão amarelo para Alisson do <U+0001F1E7><U+0001F1FC>Grêmio

<U+26BD><U+FE0F> <U+0001F1E7><U+0001F1FC>GrêmioxFortaleza
<U+0001F3C6> Campeonato BrasileiroRodada";2019-06-08 20:47:44
"154";"154";"0.5";"EstáminutosTempo de GrêmioxFortaleza pelo Brasileirão maisde acréscimosSabadoDetremuraSDV";2019-06-08 20:47:20
"155";"155";"0.571699321269989";"Oconsagrando o goleirão do Fortaleza <U+0001F44F><U+0001F44F> BrasileirãoGremio GRExFOR VamosTricolor";2019-06-08 20:46:42
"156";"156";"0.486287176609039";"<U+23F1><U+FE0F>TEm sua primeira participação Patrick chuta de fora da área e Felipe Alves espalma

<U+26BD><U+FE0F> <U+0001F1E7><U+0001F1FC>Grêmiox …";2019-06-08 20:46:13
"157";"157";"0.349231034517288";"Tmin CARTÃO DE VISITAS Recém entrou em campo mas já apresentou o cartão de visitas testando o Felipe Alves…";2019-06-08 20:46:07
"158";"158";"0.502852022647858";"TSubstituição no Grêmio

<U+2B06> Patrick
<U+2B07> Tardelli";2019-06-08 20:46:07
"159";"159";"0.419802159070969";"T <U+0001F504> Professor Mexeu GRExFOR
GRExFOR
Sai Diego Tardelli
Entra Patrick Grêmio Fortaleza cartola futebol cartolando";2019-06-08 20:45:54
"160";"160";"0.566665589809418";"<U+23F1><U+FE0F>TSubstituição no <U+0001F1E7><U+0001F1FC>Grêmio

<U+0001F53C>Patrick 
<U+0001F53D>Diego Tardelli 

<U+26BD><U+FE0F> <U+0001F1E7><U+0001F1FC>GrêmioxFortaleza
<U+0001F3C6> Campeonato BrasileiroRodada";2019-06-08 20:45:44
"161";"161";"0.519915997982025";"<U+23F1><U+FE0F>TCartão amarelo para Rogério Ceni técnico do Fortaleza

<U+26BD><U+FE0F> <U+0001F1E7><U+0001F1FC>GrêmioxFortaleza
<U+0001F3C6> Campeonato Brasileiro …";2019-06-08 20:44:49
"162";"162";"0";"VEEERGOOOONHAAA

VERGOOONHAAA
TIME SEM VERGONHA

Gremio 
UM FIASCO ATRÁS DO OUTRO 

E ninguém faz porra NENHUMA PORRA…";2019-06-08 20:44:48
"163";"163";"0.47917839884758";"<U+0001F503> Substituição no Tricolor
<U+2B07><U+FE0F> Sai Tardelli
<U+2B06><U+FE0F> Entra Patrick
Grêmio x 
<U+0001F4AA><U+0001F3FD><U+26BD><U+0001F1EA><U+0001F1EA> GRExFOR Brasileirão VamosTricolor";2019-06-08 20:44:44
"164";"164";"0.505840539932251";"<U+23F1><U+FE0F>TCartão amarelo para Rogério Ceni técnico do Fortaleza

<U+26BD><U+FE0F> <U+0001F1E7><U+0001F1FC>GrêmioxFortaleza
<U+0001F3C6> Campeonato BrasileiroRodada";2019-06-08 20:44:36
"165";"165";"0.5";"<U+0001F3C6> Campeonato Brasileirorodada
<U+26BD> GrêmioxFortaleza
<U+0001F3DF> Centenário
<U+23F1>dotempo";2019-06-08 20:44:36
"166";"166";"0";"Nao ganhar do Fortaleza com um a menos apenasvitoria emjgs Ha algo de mto errado nesse reino so nao ve…";2019-06-08 20:44:35
"167";"167";"0.389562666416168";"O que o arbitragem está fazendo na partida entre Gremio x Fortaleza é vergonhoso Lamentavel";2019-06-08 20:44:16
"168";"168";"0";"VEEERGOOOONHAAA

VERGOOONHAAA
TIME SEM VERGONHA

Gremio 
UM FIASCO ATRÁS DO OUTRO 

E ninguém faz porra NENHUMA P…";2019-06-08 20:44:16
"169";"169";"0.51073169708252";"Gremio Sandro PARCIAL Ricci sempre mentindo nas avaliações de jogadas do Grêmio
Teve a desfaçatez de dizer que o juiz dever…";2019-06-08 20:44:12
"170";"170";"0.494667023420334";"Daquianos<U+0001F914>
Campeões do BrasileiroTeremos
Palmeiras títulos 
Corinthianstítulos
Flamengotítulos
Sa…";2019-06-08 20:43:50
"171";"171";"0.457093715667725";"<U+0001F503> Última substituição no Fortaleza
<U+2B07><U+FE0F> Sai Marlon
<U+2B06><U+FE0F> Entra Gabriel Dias
Grêmio x 
<U+0001F4AA><U+0001F3FD><U+26BD><U+0001F1EA><U+0001F1EA> GRExFOR Brasileirão…";2019-06-08 20:43:06
"172";"172";"0.488668978214264";"Daquianos<U+0001F914>
Campeões do BrasileiroTeremos
Palmeiras títulos 
Corinthianstítulos
Flamengotítulos…";2019-06-08 20:43:00
"173";"173";"0.511268258094788";"Gremio Sandro PARCIAL Ricci sempre mentindo nas avaliações de jogadas do Grêmio
Teve a desfaçatez de dizer que o…";2019-06-08 20:42:43
"174";"174";"0.534397125244141";"Em terra de André e Vizeu

DA SILVA é REEEEI Gremio";2019-06-08 20:42:36
"175";"175";"0.414377212524414";"Que TIME PATÉTICO virou o Gremio 

P
A
T
E
T
I
C
O";2019-06-08 20:41:42
"176";"176";"0.41349846124649";"Por que a insistência com o André Grêmio Brasileirão";2019-06-08 20:40:58
"177";"177";"0.495500802993774";"Tmin COM A PONTA DOS DEDOS Cabeceio do Geromel depois do escanteio cobrado por Alisson forçou o goleiro do Fortaleza…";2019-06-08 20:40:46
"178";"178";"0.51886397600174";"Grêmio pressiona o Fortaleza na busca do primeiro gol do jogo";2019-06-08 20:39:49
"179";"179";"0.303296715021133";"Vizeu sai contrariado E tá certo É preciso que ele tenha sequência André várias vezes só fardou e não era substituído…";2019-06-08 20:39:41
"180";"180";"0.0238095242530107";"Verdade seja dita o Luan mesmo que não esteja bem fisicamente ainda será joga fácil neste time do Grêmio
E m…";2019-06-08 20:39:28
"181";"181";"0.635683417320251";"ELA CHEGOU ESSA É A CAPIVARA DO GOL DO GRÊMIO

    -<U+2015><U+30D8>
  _/    \
/    <U+26BD> <U+26BD>
|       <U+25BC> 
|       <U+4EA0><U+30CE>
U<U+FFE3>U<U+FFE3><U+FFE3><U+FFE3><U+FFE3>U<U+FFE3>…";2019-06-08 20:39:07
"182";"182";"0.50307422876358";"<U+23F1> Estamos na faixa dosminutos da etapa complementar
Grêmio x 
<U+0001F4AA><U+0001F3FD><U+26BD><U+0001F1EA><U+0001F1EA> GRExFOR Brasileirão VamosTricolor";2019-06-08 20:38:22
"183";"183";"0.426237195730209";"Grêmio saiu Thaciano entrou André";2019-06-08 20:37:59
"184";"184";"0.47963559627533";"Ainda acreditandoGrêmio x";2019-06-08 20:37:17
"185";"185";"0.457093715667725";"<U+0001F503> Última substituição no Fortaleza
<U+2B07><U+FE0F> Sai Marlon
<U+2B06><U+FE0F> Entra Gabriel Dias
Grêmio x 
<U+0001F4AA><U+0001F3FD><U+26BD><U+0001F1EA><U+0001F1EA> GRExFOR…";2019-06-08 20:36:56
"186";"186";"0.439005017280579";"T <U+0001F504> Professor Mexeu GRExFOR
GRExFOR
Sai Marlon
Entra Gabriel Dias Grêmio Fortaleza cartola futebol cartolando";2019-06-08 20:36:43
"187";"187";"0.451448172330856";"Grêmio saiu Thaciano entoru André";2019-06-08 20:36:42
"188";"188";"0.415829569101334";"<U+0001F503> Substituição no Tricolor
<U+2B07><U+FE0F> Sai Thaciano
<U+2B06><U+FE0F> Entra André
Grêmio x 
<U+0001F4AA><U+0001F3FD><U+26BD><U+0001F1EA><U+0001F1EA> GRExFOR Brasileirão VamosTri…";2019-06-08 20:36:35
"189";"189";"0.577280223369598";"<U+23F1><U+FE0F>TSubstituição no Fortaleza

<U+0001F53C>Gabriel Dias 
<U+0001F53D>Marlon 

<U+26BD><U+FE0F> <U+0001F1E7><U+0001F1FC>GrêmioxFortaleza
<U+0001F3C6> Campeonato BrasileiroRodada";2019-06-08 20:36:28
"190";"190";"0.324219942092896";"<U+0001F4DD> Cartão amarelo para Felipe do Fortaleza por reclamação
Grêmio x 
<U+0001F4AA><U+0001F3FD><U+26BD><U+0001F1EA><U+0001F1EA> GRExFOR Brasileirão VamosTric…";2019-06-08 20:36:20
"191";"191";"0.562200903892517";"<U+23F1><U+FE0F>TSubstituição no <U+0001F1E7><U+0001F1FC>Grêmio

<U+0001F53C>André 
<U+0001F53D>Thaciano 

<U+26BD><U+FE0F> <U+0001F1E7><U+0001F1FC>GrêmioxFortaleza
<U+0001F3C6> Campeonato BrasileiroRodada";2019-06-08 20:35:59
"192";"192";"0.52935802936554";"<U+0001F4DD> Cartão amarelo para Osvaldo do Fortaleza
Grêmio x 
<U+0001F4AA><U+0001F3FD><U+26BD><U+0001F1EA><U+0001F1EA> GRExFOR Brasileirão VamosTricolor";2019-06-08 20:35:42
"193";"193";"0.498387336730957";"TSubstituição no Grêmio

<U+2B06> André
<U+2B07> Thaciano";2019-06-08 20:35:40
"194";"194";"0.415829569101334";"<U+0001F503> Substituição no Tricolor
<U+2B07><U+FE0F> Sai Thaciano
<U+2B06><U+FE0F> Entra André
Grêmio x 
<U+0001F4AA><U+0001F3FD><U+26BD><U+0001F1EA><U+0001F1EA> GRExFOR Brasileirão VamosTricolor";2019-06-08 20:35:20
"195";"195";"0.253955125808716";"Tira Vizeutira Thaciano e entra André
É pra perder a paciência de vez com o Renato
RTdoHospicio…";2019-06-08 20:35:00
"196";"196";"0.324219942092896";"<U+0001F4DD> Cartão amarelo para Felipe do Fortaleza por reclamação
Grêmio x 
<U+0001F4AA><U+0001F3FD><U+26BD><U+0001F1EA><U+0001F1EA> GRExFOR Brasileirão VamosTricolor";2019-06-08 20:34:58
"197";"197";"0.356453329324722";"T <U+0001F504> Professor Mexeu GRExFOR
GRExFOR
Sai Thaciano
Entra André Grêmio Fortaleza cartola futebol cartolando";2019-06-08 20:34:33
"198";"198";"0.438164472579956";"Grêmio saiu Thaciano entrou André Balada";2019-06-08 20:34:31
"199";"199";"0.497277438640594";"<U+23F1><U+FE0F>TCartão amarelo para Felipe do Fortaleza

<U+26BD><U+FE0F> <U+0001F1E7><U+0001F1FC>GrêmioxFortaleza
<U+0001F3C6> Campeonato BrasileiroRodada";2019-06-08 20:34:13
"200";"200";"0.579359769821167";"André entrou no Grêmio Thaciano é quem deixa o campo";2019-06-08 20:34:05
"201";"201";"0.00706580281257629";"Isso
RTdoHospicio 
Grêmio 
E mais a teimosia em manter André não tem como explicar";2019-06-08 20:33:35
"202";"202";"0.269039452075958";"<U+0001F4D2> Cartão Amarelo GRExFOR
GRExFOR
Cartão amarelo para Felipe por reclamação Grêmio Fortaleza cartola futebol cartolando";2019-06-08 20:33:32
"203";"203";"0.508949041366577";"<U+23F1><U+FE0F>T Árbitro é auxiliado pelo VAR e muda a cor do cartão Osvaldo é expulso diretamente

<U+26BD><U+FE0F> <U+0001F1E7><U+0001F1FC>Grêmiox …";2019-06-08 20:33:16
"204";"204";"0.435671091079712";"É brabo <U+0001F914><U+0001F926><U+200D><U+2642><U+FE0F> Grêmio 
VamosTricolor<U+0001F44A><U+0001F1EA><U+0001F1EA><U+26BD><U+FE0F>";2019-06-08 20:33:06
"205";"205";"0.477045357227325";"<U+0001F4D5> Cartão Vermelho GRExFOR
GRExFOR
Cartão vermelho para Osvaldo Após revisão do VAR o atacante do For…";2019-06-08 20:32:32
"206";"206";"0.48860239982605";"Cartão vermelho para Osvaldo do Fortaleza GRExFOR Brasileirão VamosTricolor Grêmio";2019-06-08 20:32:10
"207";"207";"0.509679973125458";"DEU MOLEDEU MOLEDEU MOLEMEU GRUPOMEU GRUPOMEU GRUPODEU MOLEMEU GRUPO DEU…";2019-06-08 20:30:48
"208";"208";"0.303420275449753";"Estáminutos doTempo de GrêmioxFortaleza pelo Brasileirão SabadoDetremuraSDV";2019-06-08 20:30:26
"209";"209";"0.51741099357605";"<U+0001F4D2> Cartão Amarelo GRExFOR
GRExFOR
Cartão amarelo para Osvaldo por pisão em Léo Moura Grêmio Fortaleza…";2019-06-08 20:30:13
"210";"210";"0.286589980125427";"<U+23F1><U+FE0F>TCartão amarelo para Osvaldo do Fortaleza por falta em Léo Moura

<U+26BD><U+FE0F> <U+0001F1E7><U+0001F1FC>GrêmioxFortaleza
<U+0001F3C6> Campe…";2019-06-08 20:29:58
"211";"211";"0";"Grêmio esta mal e o Cruzeiro está mal Mano no Grêmio e renato no Cruzeiro todos felizes SabadoDetremuraSDV";2019-06-08 20:28:47
"212";"212";"0";"Gremio Não teve FORÇA pra Ganhar de Avaí Ceará Juventude Fortaleza 

TA FODA ein E não se vê REAÇÃO principal…";2019-06-08 20:28:11
"213";"213";"0.495500802993774";"Tmin COM A PONTA DOS DEDOS Cabeceio do Geromel depois do escanteio cobrado por Alisson forçou o goleiro d…";2019-06-08 20:26:30
"214";"214";"0.781395971775055";"Nas Quartas de Final da Copa do Brasil o Gremio vai passar vergonha Paz Paz";2019-06-08 20:26:29
"215";"215";"0.373493850231171";"<U+23F1><U+FE0F>TSALVA O GOLEIRO Após escanteio cobrado por Alisson Geromel desvia de cabeça e Felipe Alves pula no can…";2019-06-08 20:25:51
"216";"216";"0.686434864997864";"FELIPE ALVES Grande desvio do Geromel arqueiro do Fortaleza foi no canto evitar o gol do Grêmio";2019-06-08 20:25:40
"217";"217";"0.501874089241028";"<U+23F1> Entramos na faixa dosminutos da etapa complementar
Grêmio x 
<U+0001F4AA><U+0001F3FD><U+26BD><U+0001F1EA><U+0001F1EA> GRExFOR Brasileirão VamosTricol…";2019-06-08 20:25:38
"218";"218";"0.0652173906564713";"O Grêmio não acelera pois não tem quem o faça Maicon tem que marcar e armaraí não tem quem aguente o jogo todo";2019-06-08 20:25:38
"219";"219";"0.501874089241028";"<U+23F1> Entramos na faixa dosminutos da etapa complementar
Grêmio x 
<U+0001F4AA><U+0001F3FD><U+26BD><U+0001F1EA><U+0001F1EA> GRExFOR Brasileirão VamosTricolor";2019-06-08 20:24:51
"220";"220";"0.560469806194305";"<U+0001F503> Substituição no Fortaleza
<U+2B07><U+FE0F> Sai Kieza
<U+2B06><U+FE0F> Entra André Luis
Grêmio x 
<U+0001F4AA><U+0001F3FD><U+26BD><U+0001F1EA><U+0001F1EA> GRExFOR Brasileirão Vamos…";2019-06-08 20:24:02
"221";"221";"0.0238095242530107";"O Grêmio não tem um esquema de jogo Não tem nada é uma visível desorganização técnica e tática Renato precisa s…";2019-06-08 20:23:36
"222";"222";"0.553267061710358";"O time do Grêmio é incapaz de articular uma jogada de ataque O que está saindo de melhor está vindo dos cruzamentos Grêmio";2019-06-08 20:22:29
"223";"223";"0.549875259399414";"<U+23F1><U+FE0F>TSubstituição no Fortaleza

<U+0001F53C>André Luiz 
<U+0001F53D>Kieza 

<U+26BD><U+FE0F> <U+0001F1E7><U+0001F1FC>GrêmioxFortaleza
<U+0001F3C6> Campeonato BrasileiroRodada";2019-06-08 20:22:18
"224";"224";"0.356453329324722";"T <U+0001F504> Professor Mexeu GRExFOR
GRExFOR
Sai Kieza
Entra André Luís Grêmio Fortaleza cartola futebol cartolando";2019-06-08 20:20:53
"225";"225";"0.415829569101334";"<U+0001F503> Substituição no Fortaleza
<U+2B07><U+FE0F> Sai Kieza
<U+2B06><U+FE0F> Entra André Luis
Grêmio x 
<U+0001F4AA><U+0001F3FD><U+26BD><U+0001F1EA><U+0001F1EA> GRExFOR Brasileirão VamosTricolor";2019-06-08 20:20:51
"226";"226";"0.439614862203598";"<U+23F1><U+FE0F>TJean Pyerre faz cruzamento fechado e Diego Tardelli por pouco não alcança para desviar para as redes

<U+26BD><U+FE0F>…";2019-06-08 20:20:42
"227";"227";"0.535626173019409";"Finanças em Dia e Jogando a SÉRIE B 

Gremio";2019-06-08 20:20:00
"228";"228";"0.280949771404266";"a BOLINHA é essa aí 
Se vender o Everton não quero nem pensar no pior 

O Campo diz o que o Clube apresent…";2019-06-08 20:18:54
"229";"229";"0.426237195730209";"Grêmio saiu Vizeu entrou Pepê";2019-06-08 20:17:41
"230";"230";"0.541955769062042";"<U+23F1> Estamos emminutos da etapa complementar
Grêmio x 
<U+0001F4AA><U+0001F3FD><U+26BD><U+0001F1EA><U+0001F1EA> GRExFOR Brasileirão VamosTricolor";2019-06-08 20:17:41
"231";"231";"0.513923406600952";"O Gremio deé de UM FUTEBOL MELANCÓLICO";2019-06-08 20:16:36
"232";"232";"0.779598951339722";"Vamos chegando aosdo T Grêmio x Fortaleza";2019-06-08 20:16:29
"233";"233";"0.551067113876343";"O Gremio vai de Paulo Victor Geromel Rodriguez Leo Moura leonardo Thaciano MaiconAllison Jean Pyerre Tardel…";2019-06-08 20:15:47
"234";"234";"0.312237769365311";"Vizeu sai contrariado E tá certo É preciso que ele tenha sequência André várias vezes só fardou e não era substituído Grêmio";2019-06-08 20:14:19
"235";"235";"0.553637862205505";"<U+23F1><U+FE0F>TSubstituição no <U+0001F1E7><U+0001F1FC>Grêmio

<U+0001F53C>Pepê 
<U+0001F53D>Felipe Vizeu 

<U+26BD><U+FE0F> <U+0001F1E7><U+0001F1FC>GrêmioxFortaleza
<U+0001F3C6> Campeonato BrasileiroRodada";2019-06-08 20:13:51
"236";"236";"0.179223358631134";"Falta muito pro gol
GRExFOR 
Grêmio";2019-06-08 20:13:48
"237";"237";"0.575380146503448";"Registro feito entre os capitães na final da copa libertadores de <U+0001F1EA><U+0001F1EA><U+0001F1FA><U+0001F1FE><U+0001F1E7><U+0001F1FC>

gremio penarol copalibertadores";2019-06-08 20:13:13
"238";"238";"0.620991766452789";"<U+0001F503> Substituição no Tricolor
<U+2B07><U+FE0F> Sai Felipe Vizeu
<U+2B06><U+FE0F> Entra Pepê
Grêmio x 
<U+0001F4AA><U+0001F3FD><U+26BD><U+0001F1EA><U+0001F1EA> GRExFOR Brasileirão Vamos…";2019-06-08 20:13:07
"239";"239";"0.476351529359818";"<U+0001F503> Substituição no Tricolor
<U+2B07><U+FE0F> Sai Felipe Vizeu
<U+2B06><U+FE0F> Entra Pepê
Grêmio x 
<U+0001F4AA><U+0001F3FD><U+26BD><U+0001F1EA><U+0001F1EA> GRExFOR Brasileirão VamosTricolor";2019-06-08 20:12:43
"240";"240";"0.416975289583206";"T <U+0001F504> Professor Mexeu GRExFOR
GRExFOR
Sai Felipe Vizeu
Entra Pepê Grêmio Fortaleza cartola futebol cartolando";2019-06-08 20:12:43
"241";"241";"0.529468238353729";"Vizeu saiu para a entrada do Pepe Grêmio";2019-06-08 20:12:38
"242";"242";"0.489824265241623";"TSubstituição no Grêmio

<U+2B06> Pepê
<U+2B07> Felipe Vizeu";2019-06-08 20:12:24
"243";"243";"0.512629806995392";"O nome da tática atual do Gremio chamase MARASMO Brasileirão";2019-06-08 20:11:53
"244";"244";"0.54075562953949";"<U+23F8><U+FE0F> Fim do primeiro tempo
Grêmio x 
<U+0001F4AA><U+0001F3FD><U+26BD><U+0001F1EA><U+0001F1EA> GRExFOR Brasileirão VamosTricolor";2019-06-08 20:10:45
"245";"245";"0.698025643825531";"Recomeça o jogo VAMOS TRICOLOR 
Grêmio x 
<U+0001F4AA><U+0001F3FD><U+26BD><U+0001F1EA><U+0001F1EA> GRExFOR Brasileirão VamosTricolor";2019-06-08 20:10:32
"246";"246";"0.27801325917244";"Tira o Vizeu coloca o Pepê e deixa o Tardelao de falso
GRExFOR Grêmio GrêmioRádioUmbro";2019-06-08 20:10:06
"247";"247";"0.303420275449753";"Começou oTempo de GrêmioxFortaleza pelo Brasileirão SabadoDetremuraSDV";2019-06-08 20:05:08
"248";"248";"0.530086696147919";"Bola rolando para o segundo tempo de GrêmioxFortaleza";2019-06-08 20:04:43
"249";"249";"0.588589668273926";"Bola rolando para a etapa final de Grêmio x Fortaleza";2019-06-08 20:04:40
"250";"250";"0.57872462272644";"<U+25B6><U+FE0F> Vamos pra segunda etapa
GrêmioxFortaleza
Começa oTempo Grêmio Fortaleza cartola futebol cartolando";2019-06-08 20:04:32
"251";"251";"0.4476597905159";"<U+23F1><U+FE0F>TComeça otempo no Centenário

<U+26BD><U+FE0F> <U+0001F1E7><U+0001F1FC>GrêmioxFortaleza
<U+0001F3C6> Campeonato BrasileiroRodada";2019-06-08 20:04:24
"252";"252";"0.501045227050781";"Brasileirão<U+0001F1E7><U+0001F1F7>

Começou o Tempo no Centenário

Grêmio x Fortaleza

Grêmio
Fortaleza
Brasileirão
GRExFOR";2019-06-08 20:04:19
"253";"253";"0.557760417461395";"Gostei de Maicon e Thaciano juntos Saída de bola tem qualidade Mas o ataque pede mais entrosamento Alisson Jean Pyerr…";2019-06-08 20:03:03
"254";"254";"0.912249803543091";"Grêmio jogando com vontade buscando uma vitória importante aí um herói na arquibancada resolve soltar foguete no…";2019-06-08 19:59:27
"255";"255";"0.541600227355957";"tempo de Grêmio x Fortaleza

Posse de bola
Finalizações
Cruzamentos
Faltas
Im…";2019-06-08 19:58:57
"256";"256";"0";"segundo semestre e temoszagueiro titular
 atacantes não chutam em gol
 desentrosamento 
 falta de criativid…";2019-06-08 19:57:12
"257";"257";"0.5";"Grêmio

TGRExFOR 

<U+27A1><U+FE0F> Lateral esquerda non ecxiste
<U+27A1><U+FE0F> Tardellipara esquentar igual Chevette álcool
<U+27A1><U+FE0F>C…";2019-06-08 19:56:31
"258";"258";"0.954545438289642";"Renatão te admiro Te respeito Mas teu time já não joga o melhor futebol do Brasil Graças ao trio parada dura d…";2019-06-08 19:56:19
"259";"259";"0.418959319591522";"Tmin DO MEIO DA RUA Thaciano arrisca de fora da área e o goleiro Felipe Alves defende com uma manchete no meio do gol…";2019-06-08 19:56:16
"260";"260";"0.385512381792068";"Tmin DE CANHOTA Felipe Vizeu recebe a bola na área faz o giro e chuta de canhota mas a bola caprichosamente sai pelo…";2019-06-08 19:56:12
"261";"261";"0.55122846364975";"Fim do o tempo Grêmio controlou o jogo impondo uma forte marcação na saída de bola Velocidade na transição foi…";2019-06-08 19:55:00
"262";"262";"0.276571244001389";"<U+0001F1E7><U+0001F1FC>GrêmioJoga como estivesse engessado Sem movimentação e sem vontade A parada para Copa América poderia ser h…";2019-06-08 19:54:12
"263";"263";"0.371246963739395";"O Grêmio é um time esforçado em camponão é perseguição de minha parte mas o Pyerre mais uma vez fora de sintoniatu…";2019-06-08 19:53:56
"264";"264";"0.371246963739395";"O Grêmio é um time esforçado em camponão é perseguição de minha parte mas o Pyerre mais uma vez fora de sinton…";2019-06-08 19:52:59
"265";"265";"0.398580133914948";"Grêmio jogou bem mas não empolga Não adianta ter a posse de bola e não atacar o adversário Tem que ser mais objetivo";2019-06-08 19:51:57
"266";"266";"0.089385449886322";"Acabou oTempo de GrêmioxFortaleza pelo Brasileirão SabadoDetremuraSDV";2019-06-08 19:49:58
"267";"267";"0.285770088434219";"FIM DAETAPA EM CAXIAS DO SUL
Gremio X Fortaleza 

O Tricolor consegue fazer a bola chegar ao ataque mas ñ c…";2019-06-08 19:49:44
"268";"268";"0.509168028831482";"Fim de primeiro tempo no Centenário em Caxias do Sul Grêmio x Fortaleza É arodada do Brasileirão <U+23F1><U+26BD>

<U+0001F4F8>…";2019-06-08 19:49:41
"269";"269";"0.434108436107635";"Tá na hora do Grêmio acordar pra vida nesse Brasileirão";2019-06-08 19:49:36
"270";"270";"0.359300404787064";"Nem escanteio os caras batem direito Por Dios Gremio";2019-06-08 19:49:25
"271";"271";"0.64165860414505";"<U+23F8> Bora pro Descanso
GrêmioxFortaleza
Fim doTempo Grêmio Fortaleza cartola futebol cartolando";2019-06-08 19:49:22
"272";"272";"0.5";"<U+23F1><U+FE0F>TFinal dotempo no Estádio Centenário em Caxias do Sul

<U+26BD><U+FE0F> <U+0001F1E7><U+0001F1FC>GrêmioxFortaleza
<U+0001F3C6> Campeonato BrasileiroRodada";2019-06-08 19:49:15
"273";"273";"0.247690707445145";"Futebolzinho FRACO ein Gremio";2019-06-08 19:49:11
"274";"274";"0.490370512008667";"O tempo tem que ser FINAL de Copa do Mundo pro Grêmio";2019-06-08 19:48:49
"275";"275";"0.54075562953949";"<U+23F3> Teremosminutos de acréscimo no primeiro tempo
Grêmio x 
<U+0001F4AA><U+0001F3FD><U+26BD><U+0001F1EA><U+0001F1EA> GRExFOR Brasileirão VamosTricolor";2019-06-08 19:47:47
"276";"276";"0.303372770547867";"Gremio virou uma BAGUNÇA";2019-06-08 19:46:36
"277";"277";"0.733351051807404";"Jean Pierre é bom 
Mas deve ser o jogador mais leeentooo do mundo

Grêmio
esporteuol";2019-06-08 19:46:34
"278";"278";"0.54075562953949";"do T Grêmio x Fortaleza Teremos mais";2019-06-08 19:46:02
"279";"279";"0.543334424495697";"<U+231B><U+FE0F>Chegamos nos minutos finais da primeira etapa 
Grêmio x 
<U+0001F4AA><U+0001F3FD><U+26BD><U+0001F1EA><U+0001F1EA> GRExFOR Brasileirão VamosTricolor";2019-06-08 19:45:29
"280";"280";"0.51932156085968";"Alguém no Gremio tem que dizer pro Jean Pyerre que ele é o Jean Pyerre pois o gurizão deslumbrado pensa que é o Pogbá 
VamosTricolor <U+0001F1EA><U+0001F1EA>";2019-06-08 19:45:19
"281";"281";"0.820919394493103";"URGENTE Precisamos com toda urgência doadores de sangue de qualquer tipo para Dona Zélia Antunes Costa Nunes uma…";2019-06-08 19:44:41
"282";"282";"0.450134038925171";"Tmin DO MEIO DA RUA Thaciano arrisca de fora da área e o goleiro Felipe Alves defende com uma manchete no m…";2019-06-08 19:42:49
"283";"283";"0.869783401489258";"Boaa Vizeu<U+0001F44F><U+0001F44F> faz um golzinho ai Grêmio só o q eu te peço
VamosTricolor<U+0001F44A><U+0001F4AA><U+0001F1EA><U+0001F1EA><U+26BD><U+FE0F><U+0001F64F>";2019-06-08 19:42:44
"284";"284";"0.541490912437439";"E que onão dilacere meu final de semana gremio";2019-06-08 19:42:41
"285";"285";"0.30553874373436";"Grêmio FUTEBOL VERGONHOSO 

Inacreditável a queda de Futebol 

Gremio";2019-06-08 19:42:34
"286";"286";"0.376188278198242";"No sorteio das Quartas de Final da Copa do Brasil o Gremio é o adversário dos sonhos para os outrosclubes 

…";2019-06-08 19:40:42
"287";"287";"0.855229556560516";"O Grêmio voltou a jogar bem";2019-06-08 19:39:09
"288";"288";"0.376188278198242";"No sorteio das Quartas de Final da Copa do Brasil o Gremio é o adversário dos sonhos para os outrosclubes…";2019-06-08 19:38:31
"289";"289";"0.597851514816284";"Tmin DE CANHOTA Felipe Vizeu recebe a bola na área faz o giro e chuta de canhota mas a bola caprichosamen…";2019-06-08 19:36:04
"290";"290";"0.948386788368225";"Nossodeu um lindo passe mas ali no meioaí depois foi lá correr atrás do zagueiro e quando o Grêmio recupe…";2019-06-08 19:35:22
"291";"291";"0.628749310970306";"<U+23F1><U+FE0F>TFelipe Vizeu gira sobre a marcação e chuta de fora da área A bola passa perto do gol de Felipe Alves…";2019-06-08 19:34:41
"292";"292";"0.583899259567261";"Gostei de Maicon e Thaciano juntos Saída de bola tem qualidade Mas o ataque pede mais entrosamento Alisson Jean…";2019-06-08 19:33:26
"293";"293";"0.510452330112457";"<U+23F1><U+FE0F>TTroca no Fortaleza

<U+0001F53C>Nathan 
<U+0001F53D>Roger Carvalho 

<U+26BD><U+FE0F> <U+0001F1E7><U+0001F1FC>GrêmioxFortaleza
<U+0001F3C6> Campeonato BrasileiroRodada";2019-06-08 19:33:04
"294";"294";"0.484914600849152";"<U+0001F503> Substituição no Fortaleza
<U+2B07><U+FE0F> Sai Roger Carvalho
<U+2B06><U+FE0F> Entra Nathan
Grêmio x 
<U+0001F4AA><U+0001F3FD><U+26BD><U+0001F1EA><U+0001F1EA> GRExFOR Brasileirão …";2019-06-08 19:32:33
"295";"295";"0.42553836107254";"T <U+0001F504> Professor Mexeu GRExFOR
GRExFOR
Sai Roger Carvalho
Entra Nathan Grêmio Fortaleza cartola futebol cartolando";2019-06-08 19:31:52
"296";"296";"0.484914600849152";"<U+0001F503> Substituição no Fortaleza
<U+2B07><U+FE0F> Sai Roger Carvalho
<U+2B06><U+FE0F> Entra Nathan
Grêmio x 
<U+0001F4AA><U+0001F3FD><U+26BD><U+0001F1EA><U+0001F1EA> GRExFOR Brasileirão VamosTricolor";2019-06-08 19:31:37
"297";"297";"0.55936074256897";"<U+23F1> minutos da primeira etapa e o Tricolor continua tentando furar a retranca do Fortaleza 
Grêmio x 
<U+0001F4AA><U+0001F3FD><U+26BD><U+0001F1EA><U+0001F1EA> GR…";2019-06-08 19:31:34
"298";"298";"0.559686422348022";"Hoje vai ser aqueleasuado

Gremio";2019-06-08 19:31:11
"299";"299";"0.55936074256897";"<U+23F1> minutos da primeira etapa e o Tricolor continua tentando furar a retranca do Fortaleza 
Grêmio x…";2019-06-08 19:31:05
"300";"300";"0.631256461143494";"O Grêmio não se apresenta bem mas tá procurando a vitória";2019-06-08 19:30:13
"301";"301";"0";"Só eu envergonhado como ovem jogando
Não dá pra acreditar nesse futebol O que virou esse Gremio ningué…";2019-06-08 19:29:43
"302";"302";"0.505224108695984";"<U+23F1><U+FE0F>TExpulso Charles Hembert auxiliar técnico do Fortaleza

<U+26BD><U+FE0F> <U+0001F1E7><U+0001F1FC>Grêmio x Fortaleza
<U+0001F3C6> Campeonato BrasileiroRodada";2019-06-08 19:27:32
"303";"303";"0.818506240844727";"Ainda acredito na vitória do Grêmio Mas precisa melhorar muito na partida";2019-06-08 19:26:21
"304";"304";"0.969174325466156";"Gostaria de dar os parabéns novamente para o Geromel pelo cabelo mais bonito do futebol nacional geromito…";2019-06-08 19:26:18
"305";"305";"0.169426321983337";"minutos de jogo em Caxias Do Sul e o Gremio Não consegue criar grandes chances de gol 

VamosTricolor";2019-06-08 19:24:54
"306";"306";"0.501874089241028";"<U+23F1>Entramos na faixa dosminutos do primeiro tempo 
Grêmio x 
<U+0001F4AA><U+0001F3FD><U+26BD><U+0001F1EA><U+0001F1EA> GRExFOR Brasileirão VamosTricolor";2019-06-08 19:23:57
"307";"307";"0.458999872207642";"<U+23F1><U+FE0F>TJuninho arrisca chute cruzado de fora da área e a bola passa perto da trave esquerda de Paulo Victor

<U+26BD><U+FE0F>…";2019-06-08 19:23:21
"308";"308";"0.513909816741943";"O Grêmio deu uma melhorada na partida";2019-06-08 19:22:21
"309";"309";"0.407460898160934";"Tmin CALIBRANDO A PONTARIA Diego Tardelli limpa a marcação e arrisca de fora da área mas a bola vai alta demais e sai…";2019-06-08 19:20:04
"310";"310";"0.54075562953949";"<U+0001F3C6> Campeonato Brasileirorodada
<U+26BD> Grêmio x Fortaleza
<U+0001F3DF><U+FE0F> Estádio Centenário

<U+0001F50A> 
<U+0001F4AC>
<U+0001F399> …";2019-06-08 19:19:30
"311";"311";"0.54075562953949";"<U+23F1>Chegamos aosminutos da etapa inicial
Grêmio x 
<U+0001F4AA><U+0001F3FD><U+26BD><U+0001F1EA><U+0001F1EA> GRExFOR Brasileirão VamosTricolor";2019-06-08 19:19:13
"312";"312";"0.4388347864151";"Tmin CALIBRANDO A PONTARIA Diego Tardelli limpa a marcação e arrisca de fora da área mas a bola vai alta d…";2019-06-08 19:14:33
"313";"313";"0";"O Grêmio não conseguiu lotar o Centenário em Caxias do Sul Uma pena deveriam levar esse jogo para outro estádio…";2019-06-08 19:14:30
"314";"314";"0.406307607889175";"Fortaleza atrás da linha da bola todo fechado surpreende um total depessoas O meio campo do Grêmio saindo mui…";2019-06-08 19:14:30
"315";"315";"0.6763995885849";"É exatamente isso que devemos fazer Por isso a nossa torcida é foda Ela é demais Essa campanha tem que chegar até o Lu…";2019-06-08 19:12:08
"316";"316";"0.828182935714722";"Bom ganhar oh fdp GRExFOR Gremio";2019-06-08 19:11:04
"317";"317";"0.553940117359161";"O Grêmio sem armação aí Maicon tem que armar e defender nossocontinua se atirando pro ataque";2019-06-08 19:10:54
"318";"318";"0.784980595111847";"Grêmio no Brasileirão 

 jogos
 vitória
 empates
 derrotas
 gols marcados
 gols sofridos
 de aproveitame…";2019-06-08 19:04:26
"319";"319";"1";"Grêmio Começou o DESCONTROLE <U+0001F1EA><U+0001F1EA><U+0001F499><U+0001F499><U+0001F499> tricolor greminho ehoje torcidaforte paizim guentacoracao";2019-06-08 19:04:01
"320";"320";"0.845172762870789";"Hoje vamo ganhar com Gol do Geromel 
Grêmio
GRExFOR";2019-06-08 19:03:42
"321";"321";"0.408272534608841";"Fortaleza começa em cima do Grêmio";2019-06-08 19:02:40
"322";"322";"0.603282988071442";"BOLA ROLANDO

Gremio x FortalezaEC
Cruzeiro x Corinthians

<U+0001F3A9> CartolaFC";2019-06-08 19:02:20
"323";"323";"0.772774875164032";"Histórico de Grêmio e Fortaleza

 jogos
 vitórias do Grêmiogols
 vitória do Fortalezagols
 empate

…";2019-06-08 19:01:09
"324";"324";"0.504934668540955";"<U+0001F535>Começou
GrêmioxFortaleza
Rola a bola Grêmio Fortaleza cartola futebol cartolando";2019-06-08 19:01:01
"325";"325";"0.381492972373962";"Por que o Guilherme Guedes nunca joga Gremio";2019-06-08 19:00:57
"326";"326";"0.45181480050087";"BOLA ROLANDO NO ESTÁDIO CENTENÁRIO Grêmio x Fortaleza pelarodada do Campeonato Brasileiro

<U+0001F4FB> FMAM …";2019-06-08 19:00:47
"327";"327";"0.54075562953949";"<U+23F1><U+FE0F>Bola rolando em Caxias do Sul

<U+26BD><U+FE0F> <U+0001F1E7><U+0001F1FC>Grêmio x Fortaleza
<U+0001F3C6> Campeonato BrasileiroRodada";2019-06-08 19:00:34
"328";"328";"0.5185706615448";"O Jean Pyerre é tão clássico que de longe parece um player do Winning Eleven do Playstation

Gremio";2019-06-08 19:00:15
"329";"329";"0.316050082445145";"Começou o jogo de GrêmioxFortaleza pelo Brasileirão SabadoDetremuraSDV";2019-06-08 18:59:14
"330";"330";"0.446757465600967";"To impressionado o Rogério Geni parece ser um cara que estuda muito pelas palavras ao repórter estudou muito o time do Grêmio gremio";2019-06-08 18:59:05
"331";"331";"0.429651498794556";"Tudo pronto no centenário Jogo começa em instantes Gremio Fortaleza";2019-06-08 18:58:48
"332";"332";"0.539102971553802";"Arbitragem de Grêmio x Fortaleza

<U+0001F5E3><U+FE0F> Sávio Pereira Sampaio DF
<U+0001F6A9> Bruno Boschilia PR
<U+0001F6A9> José Reinaldo Nasciment…";2019-06-08 18:58:26
"333";"333";"0.469744086265564";"Grêmio e Fortaleza já se enfrentaram no Centenário em Caxias do Sul Foi pelo Brasileirão dee terminou com gole…";2019-06-08 18:58:21
"334";"334";"0.615289926528931";"Escalação do Grêmio

Paulo Victor Léo Moura Geromel Rodriguez e Leo Gomes Maicon Thaciano Jean Pyerre Tardelli…";2019-06-08 18:58:07
"335";"335";"0.469744086265564";"Grêmio e Fortaleza já se enfrentaram no Centenário em Caxias do Sul Foi pelo Brasileirão dee terminou com…";2019-06-08 18:57:41
"336";"336";"0.68670117855072";"Último jogo entre Grêmio e Fortaleza foi pela Copa do Brasil deoitavas de final vitória tricolor poran…";2019-06-08 18:56:02
"337";"337";"0.784980595111847";"Grêmio no Brasileirão 

 jogos
 vitória
 empates
 derrotas
 gols marcados
 gols sofridos
 de aprove…";2019-06-08 18:55:33
"338";"338";"0.581771612167358";"Noite de Grêmio bb";2019-06-08 18:55:05
"339";"339";"0.68670117855072";"Último jogo entre Grêmio e Fortaleza foi pela Copa do Brasil deoitavas de final vitória tricolor pora…";2019-06-08 18:54:31
"340";"340";"0.772774875164032";"Histórico de Grêmio e Fortaleza

 jogos
 vitórias do Grêmiogols
 vitória do Fortalezagols
 empa…";2019-06-08 18:54:06
"341";"341";"0.48124086856842";"Thaciano e Tardelli de titulares Volta do capitão e de Alisson Do meio pra frente se entrosar uma equipe forte Problem…";2019-06-08 18:51:12
"342";"342";"0.501499176025391";"Assim estão escalados Grêmio e Fortaleza";2019-06-08 18:51:07
"343";"343";"0.61082524061203";"Escalação do Grêmio

Paulo Victor Léo Moura Geromel Rodriguez e Leo Gomes Maicon Thaciano Jean Pyerre Tard…";2019-06-08 18:49:52
"344";"344";"0.57434743642807";"BRASILEIRÃO<U+0001F1E7><U+0001F1F7><U+26BD>

Grêmio x Fortaleza
Centenárioh

Siga 

Grêmio Fortaleza…";2019-06-08 18:49:14
"345";"345";"0.640866756439209";"Daqui a pouco têm Grêmio x Fortaleza ao vivo no Premiere as h galera SabadoDetremuraSDV";2019-06-08 18:48:56
"346";"346";"0.556546449661255";"Grêmio Paulo Victor Leo Moura Geromel Rodriguez Leonardo Maicon Thaciano Alisson Jean Pyerre Tardelli e Vizeu…";2019-06-08 18:46:53
"347";"347";"0.5341557264328";"Olá Eu sou oe acompanhojunto com vocês Grêmio e Fortaleza Oitava rodada do Brasileirao";2019-06-08 18:46:44
"348";"348";"0.774514198303223";"É o que temos
Bora lá 
A firma é forte
RTdoHospicio 
DiaDeGrêmio 
Grêmio
RadioHospicio";2019-06-08 18:45:51
"349";"349";"0.54075562953949";"<U+0001F3C6> Campeonato Brasileirorodada
<U+26BD> Grêmio x Fortaleza
<U+0001F3DF><U+FE0F> Estádio Centenário

<U+0001F50A> 
<U+0001F4AC>
<U+0001F399>…";2019-06-08 18:44:21
"350";"350";"0.527288973331451";"GrêmioPaulo victorLéo mouraPedro geromel e RodriguezLeonardoMaiconThacianoDiego tardelliJean pyerre e Alis…";2019-06-08 18:39:08
"351";"351";"0.556546449661255";"Grêmio Paulo Victor Leo Moura Geromel Rodriguez Leonardo Maicon Thaciano Alisson Jean Pyerre Tardelli e…";2019-06-08 18:33:05
"352";"352";"0.616237580776215";"GRÊMIO Paulo Victor Léo Moura Geromel Rodriguez e Leonardo Maicon Thaciano Diego Tardelli Jean Pyerre e Al…";2019-06-08 18:32:41
"353";"353";"0.565726280212402";"Grêmio Paulo Victor Leo Moura Geromel Rodriguez e Leonardo Maicon Thaciano Alisson e Jean Pyerre D Tardell…";2019-06-08 18:31:55
"354";"354";"0.508512258529663";"O Gremio vai de Paulo Victor Geromel Rodriguez Leo Moura leonardo Thaciano MaiconAllison Jean Pyerre Ta…";2019-06-08 18:31:54
"355";"355";"0.629925191402435";"<U+0001F1EA><U+0001F1EA>GrêmioTime definido com Paulo Victor Léo Moura Geromel Rodriguez e Leonardo Gomes Thaciano Maicon Alis…";2019-06-08 18:31:29
"356";"356";"0.605229496955872";"Escalações Grêmio

Paulo Victor
Léo Moura
Geromel
Rodríguez
Leonardo
Thaciano
Maicon
J Pyerre
Alisson
Tardelli
Vizeu";2019-06-08 18:28:04
"357";"357";"0.518470287322998";"Fortaleza escalado por Rogério Ceni para enfrentar o <U+0001F1E7><U+0001F1FC>Grêmio";2019-06-08 18:26:43
"358";"358";"0.518470287322998";"<U+0001F1E7><U+0001F1FC>Grêmio escalado por Renato Portaluppi para enfrentar o Fortaleza";2019-06-08 18:25:48
"359";"359";"0.987523555755615";"Fortaleza pronto para o confronto contra o Grêmio Atendendo a pedidos atualizei o avatar do Marlon rsrsrs <U+0001F487><U+0001F3FB><U+200D><U+2642><U+FE0F>…";2019-06-08 18:25:23
"360";"360";"0.733558297157288";"<U+0001F399><U+FE0F> No ar a <U+26BD><U+FE0F>JornadaEsportiva dapara <U+0001F1E7><U+0001F1FC>Grêmio x Fortaleza pelarodada do Campeonato Brasileiro …";2019-06-08 18:22:39
"361";"361";"0.649000883102417";"Grêmio escalado para enfrentar o Fortaleza

 Paulo Victor 
 Léo Moura
 Geromel
 Rodriguez 
 Léo Gomes…";2019-06-08 18:22:07
"362";"362";"0.918475210666656";"Há um time aí no RS hájogos seguidos sem ganhar fora de casa pelo brasileirão
A última vitória foi em agosto de …";2019-06-08 18:19:20
"363";"363";"0.368941366672516";"Thaciano e Tardelli de titulares Volta do capitão e de Alisson Do meio pra frente se entrosar uma equipe forte…";2019-06-08 18:16:25
"364";"364";"0.784980595111847";"Grêmio no

 jogos
 vitória
 empates
 derrotas
 gols pró
 gols contra";2019-06-08 18:11:52
"365";"365";"0.650948047637939";"Grêmio em 

 jogos
 vitórias
 empates
 derrotas
 gols pró
 gols contra";2019-06-08 18:11:49
"366";"366";"0.312406599521637";"Histórico de Grêmio x 

 jogos
 vitórias
 empate
 derrota

Último confronto Grêmio x Fortaleza com…";2019-06-08 18:11:46
"367";"367";"0.584483921527863";"<U+0001F1EA><U+0001F1EA>GrêmioPaulo Victor Léo Moura Geromel Rodriguez Leonardo Gomes Thaciano Maicon Pyerre Alisson Tardell…";2019-06-08 18:10:23
"368";"368";"0.624842882156372";"Segue ai gurizada Grêmio <U+0001F1EA><U+0001F1EA><U+0001F1EA><U+0001F1EA><U+0001F1EA><U+0001F1EA><U+0001F1EA><U+0001F1EA>";2019-06-08 18:09:09
"369";"369";"0.541832983493805";"GrêmioTricolor confirmado com Leo Gomes na lateralesquerda Thaciano ao lado de Maicon no meio de campo e Diego Tar…";2019-06-08 18:07:58
"370";"370";"0.566211462020874";"GrêmioTricolor confirmado com Leo Gomes na lateralesquerda Thaciano ao lado de Maicon no meio de campo e Dieg…";2019-06-08 18:05:31
"371";"371";"0.147383272647858";"Histórico de Grêmio x 

 jogos
 vitórias
 empate
 derrota

Último confronto Grêmio x Fortalez…";2019-06-08 17:30:00
"372";"372";"0.698647677898407";"VEM COM A MAIS PÉ QUENTE

Logo mais h o Grêmio encara o Fortaleza no estádio Centenário em Caxias do Sul A…";2019-06-08 17:28:00
"373";"373";"0.594666600227356";"Hoje o Grêmio deslanchae o Pyerre vai jogar muito Meu palpite

Grêmio x Fortaleza";2019-06-08 17:25:11
"374";"374";"0.506234169006348";"Na escuta câmbio 

GRExFOR GrêmioRádioUmbro Grêmio";2019-06-08 17:25:03
"375";"375";"0.101738907396793";"Eu queria ver essa idolatria toda pra cima do Jaelquando ele estava vestindo a camisa do Grêmio Antes o cara e…";2019-06-08 17:20:14
"376";"376";"0.5";"…";2019-06-08 17:14:36
"377";"377";"0.777352035045624";"Está no ar o <U+0001F525><U+26BD><U+FE0F>EsquantandoOJogo para <U+0001F1E7><U+0001F1FC>Grêmio x Fortaleza A apresentação é de 

<U+0001F399><U+FE0F>Reportagens …";2019-06-08 17:13:13
"378";"378";"0.599385201931";"<U+0001F50A> JOGO ABERTO

<U+0001F399>
<U+0001F3C6> Campeonato Brasileirorodada
<U+26BD> Grêmio x Fortaleza
<U+0001F3DF><U+FE0F> Estádio Centenário

<U+0001F4FB> FM …";2019-06-08 17:05:34
"379";"379";"0.650948047637939";"Grêmio como visitante em 

 jogos
 vitórias
 empates
 derrotas
 gols pró
 gols contra
Aproveitamento …";2019-06-08 17:05:30
"380";"380";"0.733120143413544";"Só um chima para aquecer o momento de conferir o palco do espetáculo de hoje A partir das h pelo FMda…";2019-06-08 17:03:48
"381";"381";"0.777352035045624";"Está no ar o <U+0001F525><U+26BD><U+FE0F>EsquantandoOJogo para <U+0001F1E7><U+0001F1FC>Grêmio x Fortaleza A apresentação é de 

<U+0001F399><U+FE0F>Reportagens…";2019-06-08 17:02:20
"382";"382";"0.650948047637939";"Grêmio como visitante no Brasileirão 

 jogospontos
 vitórias
 empates
 derrotas
 gols pró
 gols co…";2019-06-08 16:58:16
"383";"383";"0.54075562953949";"<U+0001F50A> JOGO ABERTO

<U+0001F399>
<U+0001F3C6> Campeonato Brasileirorodada
<U+26BD> Grêmio x Fortaleza
<U+0001F3DF><U+FE0F> Estádio Centenário

<U+0001F4FB>…";2019-06-08 16:57:48
"384";"384";"0.650948047637939";"Grêmio como visitante em 

 jogos
 vitórias
 empates
 derrotas
 gols pró
 gols contra
Aproveitamento…";2019-06-08 16:54:08
"385";"385";"0.671673953533173";"Daqui a pouco comando o EsquentandooJogo e o DebateBola de Grêmio x Fortaleza na

Liga teu rádio no…";2019-06-08 16:46:37
"386";"386";"0.976190447807312";"Minha opinião sobre Luanacho que se a proposta for boa pro gremio deve vender sim agradeço a tudo que ele fe…";2019-06-08 16:40:47
"387";"387";"0.54075562953949";"Grêmio x Fortaleza ao vivo

Grêmio Fortaleza CampeonatoBrasileiro";2019-06-08 16:40:20
"388";"388";"4.07099723815918e-05";"Não sei quem pôs a faixa mas me representa demais Grêmio Luan";2019-06-08 16:28:01
"389";"389";"0.0652173906564713";"Se vcs perde hj Olha eu nem seu oq eu faço eu me mato eu acho e levo vcs junto Te liga g…";2019-06-08 15:56:14
"390";"390";"0.0984476804733276";"A última baixa é Michel Ele tomou uma bordoada no último ainda sente dores e ficou de fora Assim como Luan que ainda nã…";2019-06-08 15:05:52
"391";"391";"0.659733593463898";"Time provável Paulo Victor Léo Moura Geromel Rodriguez e Leonardo Gomes Rômulo Thaciano Maicon Alisson Je…";2019-06-08 15:04:39
"392";"392";"0.13598145544529";"A última baixa é Michel Ele tomou uma bordoada no último ainda sente dores e ficou de fora Assim como Luan que a…";2019-06-08 15:02:10
"393";"393";"0.720224976539612";"Vamos Então Grêmio <U+0001F1EA><U+0001F1EA><U+0001F1EA><U+0001F1EA><U+0001F1EA><U+0001F1EA>";2019-06-08 15:01:31
"394";"394";"0.0454545468091965";"Talvez a avalanche de hoje ajude a matar um pouquinho da saudade
Não tem como expressar a falta que tu faz 
Preci…";2019-06-08 14:56:43
"395";"395";"0.615923523902893";"Salve tricolores Hoje é Dia de <U+0001F1EA><U+0001F1EA>Grêmio h no Centenário em Caxias do Sul o tricolor tentará e precisa a…";2019-06-08 14:55:40
"396";"396";"0.651949465274811";"Importante destacar sobre o árbitro de hoje para Grêmio xfoi um dos árbitros rebaixados pela CBF em outu…";2019-06-08 14:24:56
"397";"397";"0.651949465274811";"Importante destacar sobre o árbitro de hoje para Grêmio xfoi um dos árbitros rebaixados pela CBF em…";2019-06-08 14:24:25
"398";"398";"0.553420424461365";"Arbitragem para Grêmio x 

• Savio Pereira Sampaio
• Bruno Boschilia
• Jose Reinaldo Nascimento
VAR Jose…";2019-06-08 14:20:10
"399";"399";"0.0437977910041809";"É pior perder pro Vasco ou estar atrás do Vasco na Tabela

Quem discordar é clubista <U+0001F602>

RECANTOCLUBISTA CLUBISTA…";2019-06-08 14:18:37
"400";"400";"0.193424373865128";"Nenhum jogador por mais craque ídolo que seja não é maior que o grêmio";2019-06-08 14:18:08
"401";"401";"0.533176720142365";"Tá na hora do guri assumir a responsabilidade buscar mais o jogo e fazer a diferença na partida 
Sem desculpas pr…";2019-06-08 14:15:44
"402";"402";"0.585545420646667";"Grêmio x Fortaleza assistir online grátis e ao vivo pelo Campeonato Brasileiro série A sábado";2019-06-08 14:13:31
"403";"403";"0.344171702861786";"Grêmio x Fortaleza Renato tem uma dúvida";2019-06-08 14:04:22
"404";"404";"0.695976734161377";"minutos e o Grêmio já vence o Fluminense poraAgora vamos aguardar os poetas falarem da posse de bola do toqu…";2019-06-08 14:00:36
"405";"405";"0.512917399406433";"DIA DE GRÊMIO 
GREMIO";2019-06-08 14:00:19
"406";"406";"0.613275647163391";"E agora torcida 

RádioGrenal Jornalismo Futebol Soccer Futbol Jogo Grêmio Inter Grenal…";2019-06-08 13:59:25
"407";"407";"0.106199949979782";"DiaDeGrêmio e nada mais importa Jogo fora de casa eu fico entocado no porão dosintonizado na …";2019-06-08 13:46:58
"408";"408";"0.943935990333557";"Bom dia Luan é ídolo entende o que é o Grêmio e foi protagonista de um título muito importante pra hist…";2019-06-08 13:26:14
"409";"409";"0.589815318584442";"Hoje é DiaDeGrêmio PRA CIMA DELES TRICOLOR

<U+0001F4AA><U+0001F3FD><U+26BD><U+0001F1EA><U+0001F1EA>

Grêmio GrêmioVencedor Brasileirão";2019-06-08 13:12:42
"410";"410";"1";"E DEPOIS DO JOGO TEM RTdoHospicio noe COM BLUES DA VITÓRIA DO<U+0001F4AA><U+0001F3FC>

Vamoooo <U+0001F1EA><U+0001F1EA><U+0001F60E>

HospicioTric…";2019-06-08 12:49:33
"411";"411";"1";"Hoje tem Brasileirão <U+26BD><U+26BD><U+26BD>

Hoje é dia de Vitória Tricolor <U+0001F1EA><U+0001F1EA><U+0001F1EA><U+0001F1EA><U+0001F1EA><U+0001F1EA>

Hoje à noite o Grêmio enfrenta o Fortaleza pelo Campeo…";2019-06-08 12:44:08
"412";"412";"0.948169827461243";"Loirinha safada e gata de Caxias Rio Grande do Sul acaba de enviar e autorizou divulgar InfinityWarTrailer JacksonW…";2019-06-08 12:37:15
"413";"413";"0.353789657354355";"Grêmio não tem volantes para amanhã Grêmio é o time que mais lesões tem no futebol Brasileiro Grêmio vai improvisar d…";2019-06-08 12:35:46
"414";"414";"0.556719958782196";"Seguimos em busca da sexta Grêmio GeraldoGrêmioP ReiDeCopas";2019-06-08 12:20:37
"415";"415";"1";"E DEPOIS DO JOGO TEM RTdoHospicio noe COM BLUES DA VITÓRIA DO<U+0001F4AA><U+0001F3FC>

Vamoooo <U+0001F1EA><U+0001F1EA><U+0001F60E>…";2019-06-08 12:11:25
"416";"416";"0.553420424461365";"Arbitragem para Grêmio x 

• Savio Pereira Sampaio
• Bruno Boschilia
• Jose Reinaldo Nascimento
VAR…";2019-06-08 12:00:01
"417";"417";"0.821086704730988";"atenção para minha toca nova q comprei no brecho gremio";2019-06-08 11:54:23
"418";"418";"1";"Hoje tem Brasileirão <U+26BD><U+26BD><U+26BD>

Hoje é dia de Vitória Tricolor <U+0001F1EA><U+0001F1EA><U+0001F1EA><U+0001F1EA><U+0001F1EA><U+0001F1EA>

Hoje à noite o Grêmio enfrenta o Fortaleza pelo…";2019-06-08 11:53:01
"419";"419";"0.491040468215942";"Dia de grêmio 
Nada mais importa 
gremio";2019-06-08 11:36:40
"420";"420";"0.924839854240417";"Bom dia 
Grêmio";2019-06-08 11:09:52
"421";"421";"0.194414138793945";"Em CaxiasDoSul Grêmio e Fortaleza fazem duelo contra zona de rebaixamento
SérieA";2019-06-08 11:02:23
"422";"422";"0.680013656616211";"VOLTA LOGO
Chego a arrepiar Não é mentira Tenho carinho muito especial pela cidade por esse clube É o clube d…";2019-06-08 10:55:46
"423";"423";"0.436907947063446";"Renato Portaluppi olhou proe disse Quer o mundo bb Eu te dou <U+0001F1EA><U+0001F1EA><U+0001F1EA><U+0001F1EA><U+0001F1EA><U+0001F1EA>
Gremio VamosTricolor";2019-06-08 10:53:17
"424";"424";"0.106199949979782";"DiaDeGrêmio e nada mais importa Jogo fora de casa eu fico entocado no porão dosintonizado na…";2019-06-08 10:45:47
"425";"425";"0.0437977910041809";"É pior perder pro Vasco ou estar atrás do Vasco na Tabela

Quem discordar é clubista <U+0001F602>

RECANTOCLUBISTA…";2019-06-08 10:42:09
"426";"426";"0";"O Odair Inter perdeu titulares importantes d jogou fora de casa obviamente perdeu Torcida culpa Treinador imp…";2019-06-08 10:13:11
"427";"427";"0.784301161766052";"<U+0001F5E3><U+FE0F> Contra Honduras com certeza ele será Acredito que diante da Bolívia também deve iniciar a parti…";2019-06-08 09:58:12
"428";"428";"0.463667184114456";"Aqui é Grêmio na alegria e na tristeza <U+0001F44A><U+0001F3FD><U+0001F1EA><U+0001F1EA>";2019-06-08 09:05:26
"429";"429";"0.938402593135834";"Há um time aí no RS hájogos seguidos sem ganhar fora de casa pelo brasileirão
A última vitória foi em agosto…";2019-06-08 08:20:45
"430";"430";"1";"Que se foda o Rival eu quero é estar feliz pela vitória do Grêmio e não por derrota do Rival <U+0001F44A><U+0001F3FD><U+0001F1EA><U+0001F1EA>";2019-06-08 08:13:44
"431";"431";"0.966132760047913";"Bom dia Luan é ídolo entende o que é o Grêmio e foi protagonista de um título muito importante…";2019-06-08 08:12:22
"432";"432";"0.893830597400665";"<U+0001F5E3><U+FE0F>Arthur volante da <U+0001F1E7><U+0001F1F7>Seleção Brasileira sobre o retorno a Porto Alegre e ao CT do <U+0001F1E7><U+0001F1FC>Grêmio Chega a arrepiar Todo mundo…";2019-06-08 07:47:44
"433";"433";"0.799859166145325";"<U+0001F449> A bola rola neste sábado <U+26BD><U+26BD><U+26BD> Em campo o GRÊMIO MAIOR com o Grêmio onde o Grêmio estiver no Brasileirão<U+0001F44D>
 gremiom…";2019-06-08 07:26:01
"434";"434";"0.834828913211823";"<U+0001F449> A bola rola neste sábado <U+26BD><U+26BD><U+26BD> Em campo o GRÊMIO MAIOR com o Grêmio onde o Grêmio estiver no Brasileirão<U+0001F44D>…";2019-06-08 07:10:10
"435";"435";"1";"<U+2B50>Hoje é DiaDeGrêmio <U+0001F535><U+26AB><U+26AA> 
<U+0001F44A><U+0001F3FD> Dia de vencer ou vencer hoje é o dia que começa a jornada pela recuperação no…";2019-06-08 07:07:32
"436";"436";"0.477855861186981";"Brasileirão Prodisponível para Android e iOS
Baixe";2019-06-08 06:00:14
"437";"437";"0.50766384601593";"Acompanhe <U+0001F1E7><U+0001F1FC>Grêmio epelo <U+0001F3C6>A partida ocorre às h no Centenário

<U+0001F399> Narração…";2019-06-08 05:00:03
"438";"438";"0.749289095401764";"Vamos fazer uma estatística de torcedores orgulhosos e de sofredores

Respondam quantas vezes seu time de coração foi re…";2019-06-08 03:20:29
"439";"439";"0.752290844917297";"Vamos fazer uma estatística de torcedores orgulhosos e de sofredores

Respondam quantas vezes seu time de coração…";2019-06-08 02:44:35
"440";"440";"0.613275647163391";"E agora torcida

RádioGrenal Jornalismo Futebol Soccer Futbol Jogo Grêmio Inter Grenal…";2019-06-08 00:36:34
"441";"441";"0.771171569824219";"É DIA DE GRÊMIO <U+0001F1EA><U+0001F1EA> <U+0001F3C6>

DIA DE FORMAR O DESCONTROLE EM CAXIAS NA 

DIA DE BUSCARPONTOS

DIA DE VENCER…";2019-06-08 00:06:39
"442";"442";"0.483938038349152";"OU GANHA OU GANHASÓ TEM ESSAS DUAS OPÇÕES Gremio <U+0001F1EA><U+0001F1EA>";2019-06-08 00:03:39
"443";"443";"0.884448647499084";"hj é DiaDeGremio <U+0001F1E7><U+0001F1FC><U+0001F4AA><U+0001F499><U+0001F3C6>
Gremio X Fortaleza 
BrasileiraoRodada 
Estádio CentenárioCaxias Do Sul 
…";2019-06-08 00:02:42
"444";"444";"0.603344142436981";"Grêmio x FortalezaPrognóstico tricolor Brasileirão Grêmio CampeonatoBrasileiro rogerioceni Fortaleza…";2019-06-07 23:39:33
"445";"445";"0.539920508861542";"Resenhas de Boleiros amp BoleirasBrasileiroDeAspirantes – Rodada 

Arena da BaixadaCuritibaPRSexta …";2019-06-07 23:20:21
"446";"446";"0.464614510536194";"Grêmio enfrenta o Fortaleza no estádio Centenário em caxias precisando da Vitoria
torcidafeminina
Grêmio…";2019-06-07 23:14:14
"447";"447";"0.106559902429581";"Renato Portaluppi técnico do Grêmio O Luan ainda não está pronto precisa fazer mais trabalhos com bola Mesmo que e…";2019-06-07 23:09:02
"448";"448";"0.452920019626617";"Não faço isso
Apenas propago a programaçãoGrêmio RadioHospicio 
perdão";2019-06-07 23:07:27
"449";"449";"1";"No GRCdoHospicio GremioRockClube pedido de música da
PearlJam <U+0001F44C><U+0001F44C><U+0001F44C><U+0001F44C><U+0001F44C><U+0001F499><U+0001F499><U+0001F499> RadioHospicio É PURO ROCK
é rock…";2019-06-07 22:40:26
"450";"450";"0.5";"<U+0001F1E7><U+0001F1FC>GrêmioO atacantevem destacando no Brasileirão de Aspirantes pelo Grêmio comjogos egols…";2019-06-07 22:37:44
"451";"451";"0.479117095470428";"ÉporraGremista para Gremista <U+0001F47D><U+0001F47D> VALEWdálhe Grêmio";2019-06-07 22:14:07
"452";"452";"0.551666975021362";"Depois do GremioRockClube agora pra Calibrar com dose CAVALAR de TarjaPreta na sua RadioHospicio e é só no …";2019-06-07 22:12:19
"453";"453";"0.551666975021362";"Depois do GremioRockClube agora pra Calibrar com dose CAVALAR de TarjaPreta na sua RadioHospicio e é só no…";2019-06-07 22:11:38
"454";"454";"1";"No GRCdoHospicio GremioRockClube pedido de música da
PearlJam <U+0001F44C><U+0001F44C><U+0001F44C><U+0001F44C><U+0001F44C><U+0001F499><U+0001F499><U+0001F499> RadioHospicio É PURO ROCK…";2019-06-07 21:57:48
"455";"455";"0.249082922935486";"Partiu Caxias ou não partiu <U+0001F62C><U+0001F62C><U+0001F914> gremio GRExFOR";2019-06-07 21:35:01
"456";"456";"0.748659610748291";"É exatamente isso que devemos fazer Por isso a nossa torcida é foda Ela é demais Essa campanha tem que chegar at…";2019-06-07 21:30:03
"457";"457";"0.591189324855804";"BrasileiroDeAspirantes 
 Grêmio na frente Dois gols de Ferreira Athlético PR x Grêmio 

GremioNovo";2019-06-07 21:05:39
"458";"458";"0.622584521770477";"Na escuta do GremioRockClube na rádioSonzeira rolando E esseé uma figuraça Baita programa rap…";2019-06-07 20:54:26
"459";"459";"0.553647994995117";"Na escuta do GremioRockClube na rádioSonzeira rolando E esseé uma figuraça Baita prog…";2019-06-07 20:49:58
"460";"460";"0.535640954971313";"Esclarecendo o boato sobre Benedetto no Grêmio";2019-06-07 20:24:36
"461";"461";"0.882397770881653";"Estamos NO AR com o PapoPachola com todas as notícias do dia do Grêmio e muita resenha

CHEGA JUNTO via

Facebo…";2019-06-07 20:10:00
"462";"462";"0.814843475818634";"Acompanhe logo mais o Conselheirorepresentando o MGD e falando de Grêmio no programa EsporteEcia no…";2019-06-07 19:58:19
"463";"463";"0.510444045066833";"Gremistada Rockeira e Gremistada em geral TODOS CONVOCADOS 
Daqui a pouco GRCdoHospicio na RadioHospicio 
sinto…";2019-06-07 19:47:31
"464";"464";"0.571398019790649";"Provável Grêmio com algumas ausências importantes e muitos jogadores no DM

Paulo Victor 
Léo Moura Pedro Gerom…";2019-06-07 19:38:16
"465";"465";"0.922842442989349";"Daqui a pouco tem Grêmio Rock Club
Grêmio Rock e muito mais Grêmio na tua noite de sexta feira
Manda tua mensage…";2019-06-07 19:32:05
"466";"466";"0.246561884880066";"O Telmo Colorado Zanini colocou algum jogo do Grêmio noBrasileirao domingo h ou não Seus fio da mãe";2019-06-07 19:20:57
"467";"467";"0.45317131280899";"Grêmio vence fora de casa e assume liderança do grupo no Brasileirão de Aspirantes";2019-06-07 19:00:58
"468";"468";"0.904457986354828";"Daqui a pouco tem Grêmio Rock Club
Grêmio Rock e muito mais Grêmio na tua noite de sexta feira
Manda tua mensagem co…";2019-06-07 19:00:33
"469";"469";"0.363120198249817";"Participe Grêmio FoxSports EspnBrasil SporTV";2019-06-07 18:30:20
"470";"470";"0.096535861492157";"Renato Portaluppi técnico do Grêmio O Luan ainda não está pronto precisa fazer mais trabalhos com bola Mesmo…";2019-06-07 18:15:35
"471";"471";"0.516705453395844";"GRÊMIO 
O Grêmio finalizou a preparação para mais uma rodada do Campeonato Brasileiro quando vai encarar o Fortal…";2019-06-07 18:14:03
"472";"472";"0.0846140384674072";"GrêmioCom dores no joelho Michel será mais um desfalque do Grêmio para o jogo contra o Fortaleza neste sábado no…";2019-06-07 18:08:42
"473";"473";"0.736880362033844";"GrêmioProvável time para o jogo contra o Fortaleza Paulo Victor Léo Moura Geromel Rodriguez e Léo Gomes Maicon…";2019-06-07 18:08:39
"474";"474";"0.470980197191238";"Amarrem oaí no CT e não deixem ele ir embora nunca mais <U+0001F62D><U+0001F44A><U+0001F1EA><U+0001F1EA><U+0001F499> gremio";2019-06-07 18:06:01
"475";"475";"0.952375590801239";"<U+0001F5E3><U+FE0F>Arthur volante da <U+0001F1E7><U+0001F1F7>Seleção Brasileira sobre o retorno a Porto Alegre e ao CT do <U+0001F1E7><U+0001F1FC>Grêmio Chega a arrepiar…";2019-06-07 17:54:48
"476";"476";"0.567802488803864";"Renato Gaúcho sobre Caso Neymar Acho que ele éinocente SuperFC Neymar RenatoGaucho Gremio Tecnico…";2019-06-07 17:49:26
"477";"477";"0.758862495422363";"Times definidos para rodada de númeroBoa sorte pra todo mundo e boas mitadas <U+0001F44A><U+0001F44A> cartola cartolafc…";2019-06-07 17:45:00
"478";"478";"0.136807039380074";"É a segunda partida que assisto da base do Grêmio pelo MyCujoo da 

Um absurdo o narrador ser o Thiago Sum…";2019-06-07 17:29:46
