Id;Score;text;data
1;0.651811957359314;Abel treinou com Ronaldo na vaga de Cuéllar convocado para seleção colombiana Outra opção é Hugo Moura O prováve…;18/03/2019 20:47
2;0.459580659866333;Nesta terçafeira a partir de h a bola rola às h no Maracanã temxna tela do…;18/03/2019 22:01
3;0.616492927074432;Quem pode aparecer como novidade entre os relacionados do Flamengo para partida contra o Madureira é o experiente…;18/03/2019 20:50
4;0.553912580013275;"MADUREIRA x FLAMENGO
Taça Rio
h
Transmissão";19/03/2019 18:48
5;0.766788363456726;"Logo mais àsH te ma seleção em campo

Madureira x Flamengo no Maracanã pela Taça Rio

flamengo marcarG…";19/03/2019 18:47
6;0.672734379768372;Daqui a pouco tem Flamengo x Madureira Palpites;19/03/2019 18:47
7;0.742633402347565;Nação o vídeo docom o mito Cuellar é o quinto mais visto no YouTube no Brasil nesse momento Vamos mostr…;19/03/2019 18:46
8;0.439529001712799;Dirigentes do Flamengo acabam de sair de uma reunião com o Secretário de Esportes e Lazer do Estado do Rio Felipe Bornie…;19/03/2019 18:45
9;0.573089599609375;Ontem um sujeito de uma emissora falou do meu trabalho no YouTube Hoje me deu um baita orgulho ver esse desabafo do bril…;19/03/2019 18:45
10;0.86018180847168;"Flamengo x Madureira hoje terá a narração do Gustavo Villani 

HOJE TEM FLAMENGO MADXFLA FLAMENGO CRF trmaraca…";19/03/2019 18:44
11;0.79473602771759;Minha gratidão a todos e contem comigo para levar o Flamengo a mais uma vitória Desta vez não apenas como um torcedo…;19/03/2019 18:42
12;0.525509059429169;"Zinho abre o jogo 

“Esse ano o Marcos Braz me ligou ele pensava no meu nome” <U+0001F4DE>

“Quem joga no Flamengo joga em qualquer…";19/03/2019 18:42
13;0.840680837631226;Se o Flamengo vencer hoje o Madureira carimba a vaga nas semifinais do Campeonato CariocaMADxFLA;19/03/2019 18:42
14;0.793731689453125;Boa A Verdade vai sendo mostrada Quem são esses caras para tentarem atrapalhar o Patrocínio Master do Flamengo;19/03/2019 18:41
15;0.187884509563446;Pude ver o microfone de várias emissoras na dita coletiva que seria dos representantes dasvítimas Não vi nenhum com a…;19/03/2019 18:40
16;0.647247552871704;"Aparti dashoje você acompanha a transmissão de Madureira x FLAMENGOAssista no nosso canal do YouTube

C…";19/03/2019 18:39
17;0.636107444763184;Casas de apostas sugerem “passeio” do Flamengo sobre o Madureira entenda;19/03/2019 18:39
18;0.934363186359406;Salve Nação Hoje tem Mengão pelo Carioca Chega lá no meu canal para acompanhar e trocar uma ideia sobre …;19/03/2019 18:39
19;0.5;MADxFLA Dálhe Mengão pra Cima deles <U+0001F534><U+26AB><U+0001F4AA><U+0001F4AA> IssoAquiÉFlamengo Flamengo VamosFlamengo;19/03/2019 18:36
20;0.51281213760376;Hoje quero ver o Diegão pegando tudo Flamengo;19/03/2019 18:34
21;1;"Mengão hojeee e já tô como <U+0001F64F><U+2764><U+FE0F><U+0001F5A4>
Flamengo 
MADxFLA";19/03/2019 18:31
22;0.417951464653015;"Mais um dia de curso finalizado
A ideia inicial era ver o Flamengo em casa
Mais sabe como é Rubro Negro né…";19/03/2019 18:29
23;0.339340955018997;"Qual a seu problema cara <U+0001F602><U+0001F602><U+0001F602><U+0001F602><U+0001F602><U+0001F602><U+0001F602><U+0001F602><U+0001F602><U+0001F602> Cruzeirense x SP

recibo Flamengo";19/03/2019 18:29
24;0.936326861381531;Graças à Deus hoje tem Flamengo;19/03/2019 18:25
25;0.630009889602661;Vejam com o que os advogados estão preocupados Querem falar de patrocínio do Flamengo Pelo amor de Deus Usa uma matéri…;19/03/2019 18:25
26;0.190621346235275;Fico impressionado com o Geuvânio Não jogou absolutamente nada no Flamengo e quer culpar o clube por dar espaço a jogado…;19/03/2019 18:25
27;0.404720336198807;"Como que esses advogados dizem representar a família do Riquelmo
Se a mesma família já se reuniu com o Flamengo há duas…";19/03/2019 18:24
28;0.417569875717163;"o jogo contra a LDU foi diao BBB está nessa ainda

recibo Flamengo";19/03/2019 18:24
29;1;"Vídeo novo no Canal InFLAmados dê RT para ajudar na divulgação tmj e SRN

FLAMENGO FECHA NOVO PATROCINADORVOLANTE…";19/03/2019 18:24
30;0.674473464488983;Partiu Maraca flamengo;19/03/2019 18:24
31;0.54075562953949;Assistir Madureira x Flamengo ao vivo online grátis;19/03/2019 18:24
32;0.537481904029846;"O Conselho Fiscal é o órgão máximo de fiscalização e controle do Flamengo 

As eleições para este poder serão 

Ele…";19/03/2019 18:23
33;0.183108568191528;Eu toda empolgada para assistir meu Mengão dialibertadores meu amigo me diz que vai ter que levar a mulher pra…;19/03/2019 18:22
34;0.792006969451904;Meu Flamengo <U+2665><U+FE0F>hoje têm doblete do Gabigol e do BH <U+2764><U+FE0F><U+0001F1E7><U+0001F1F7> FLAxMAD Flamengo;19/03/2019 18:21
35;0.675405025482178;Apoio nunca faltará<U+26AB><U+0001F534> FLAxVRE Flamengo;19/03/2019 18:20
36;0.958686769008636;"VOCÊ é Linda SIM <U+0001F3B5> Pode enviar uma pra mim<U+2665><U+FE0F><U+0001F5A4>

Flamengo <U+0001F54A>";19/03/2019 18:15
37;0.261370658874512;Não tenho aula na faculdade hj vai dar pra assistir esse jogo do FLAMENGO;19/03/2019 18:11
38;0.600441992282867;"Madureira x Flamengo
 hoje às hMaracanã
Taça RioRodada";19/03/2019 18:10
39;0.525055050849915;O CRF inclusive emitiu as passagens da advogada da família para essa reunião TTPAPA FLAMENGO;19/03/2019 18:08
40;0.366710633039474;Na entrevista Zinho revelou que ano passado quase voltou para o Flamengo Fred Luz fez uma proposta mas o contrato era som…;19/03/2019 18:07
41;0.349108755588531;Esses advogados carniceiros e exploradores estão prejudicando as famílias dos jogadores mortos no Ninho do Urubu E…;19/03/2019 18:07
42;0.544154286384583;Advogados de famílias contestam Flamengo clube rebate acusações;19/03/2019 18:02
43;0.765530467033386;Todos preparados para o grande show que prepararam para a mídia suja hoje Só aviso Defendam o Flamengo pq até a data fo…;19/03/2019 18:02
44;0.635796308517456;"Qual é o clube da Série A mais conhecido mundialmente

CartolaDeCasal Vasco Flamengo Fluminense Botafogo SãoPaul…";18/03/2019 20:46
45;0.951137781143188;mil visualizações A Princesa finalmente foi reconhecida pela nação TTPAPA FLAMENGO CRF;18/03/2019 20:46
46;0.876732051372528;AS CONTRADIÇÕES NA MATÉRIA DO ESPORTE ESPETACULAR SOBRE O CT DO FLAMENGO I Canal Ser Flamengo;18/03/2019 20:45
47;0.652907133102417;"Cuéllar fala o que o Flamengo representa na sua vida e brinca com os memes feitos pela torcida
Flamengo <U+0001F534><U+26AB><U+FE0F>";18/03/2019 20:45
48;0.733901560306549;"<U+0001F534><U+26AB> Flamengo x Vasco
PraiaDeCopacabana RiodeJaneiro 
Mengão Campeão Carioca Futebol de PraiaMeeeeeeeengo ChupaBa…";18/03/2019 20:44
49;0.650265574455261;"Gostaram do novo manto
Flamengo <U+0001F534><U+26AB><U+FE0F><U+0001F525>";18/03/2019 20:44
50;0.539222955703735;Juan é relacionado pelo Flamengo para jogo contra o Madureira;18/03/2019 20:44
51;0.920700192451477;"Hoje faz aniversário o maior lateral direito de todos os tempos José Leandro de Souza Ferreira ou apenas LEANDRO 

PARABÉNS…";18/03/2019 20:43
52;0.513815760612488;"Tem Mengão tem Flabahia
Flamengo Flabahia EmbaixadaOficial";18/03/2019 20:43
53;0.635796308517456;"Qual é o clube da Série A mais conhecido mundialmente

CartolaDeCasal Vasco Flamengo Fluminense Botafogo…";18/03/2019 20:40
54;0.567233502864838;"Resumo do jogo de ontem contra o Volta Redonda
Flamengo CRF";18/03/2019 20:39
55;0.392964899539948;Sobre o fim do Consórcio do Maracanã no último aditivo assinado entre Odebrecht e Flamengo havia uma previsão da resoluçã…;18/03/2019 20:39
56;0.480556100606918;flamengo maior do mundo;18/03/2019 20:38
57;0.661415338516235;Provável time do Flamengo contra o Madureira é Diego Alves Pará Leo Duarte Rodrigo Caio Renê Ronaldo Arão Diego…;18/03/2019 20:36
58;0.792207837104797;"Com essa notícia do rompimento do consórcio do Maracanã o melhor cenário para o Flamengo continua sendo

<U+0001F4CD>ESTÁDIO PRÓPR…";18/03/2019 20:35
59;1;"Hoje é no amor

Adriano Imperador

amor
love
adriano
imperador
Flamengo 
adrianoimperador
vagnerlove
good…";18/03/2019 20:29
60;1;"Hoje é no amor

adrianoimperador

amor
love
adriano
imperador
Flamengo 
adrianoimperador
vagnerlove
good…";18/03/2019 20:28
61;0.554251313209534;Só para lembrar amanhã tem Flamengo de novo;18/03/2019 20:26
62;0.93478262424469;Tudo sobre o novo patrocinador CHEF’S CLUB que vem chegando ao Flamengo e que o Deco havia trazido os valores em uma Live…;18/03/2019 20:24
63;0.837271511554718;Tive a honra de vêlo jogar Minha primeira camisa dotinha o número dele LEANDRO …;18/03/2019 20:23
64;0.822202265262604;Continuamos atualizando vocês com a verdade que poucos mostram O amigotinha saxônica ideia muito boa para…;18/03/2019 20:20
65;0.660505056381226;A gente chegando no NinhodoUrubu para mais um dia de trabalho e o volante Ronaldo está dando uma entrevista exclusiva par…;18/03/2019 20:18
66;0.241412907838821;"Satisfação imensa fazer parte dessa torcida mesmo que o time me faça passar uma raiva do cão 
orgulhodanação…";18/03/2019 20:18
67;0.784242212772369;Um cara que faz um trabalho isento Parabéns Cahê Motta TTPAPA FLAMENGO CRF;18/03/2019 20:15
68;0.555988609790802;A grande preocupação que a diretoria do Flamengo deve ter é com o abandono que a empresa deve fazer com o estádio após s…;18/03/2019 20:12
69;0.579023838043213;Transmissão provável escalação e mais saiba tudo sobre Madureira x Flamengo;18/03/2019 20:11
70;0.888114035129547;"Programação do Futebol na TV desta Terça

Saiba antes de postarmos aqui todos os jogos com o nosso app <U+0001F44D>…";18/03/2019 20:11
71;0.581003606319427;"Alô governador do RJ 
Nos dá o Maracanã pra cuidarmos só pra ver um negocio aqui
maracana 
Flamengo";18/03/2019 20:10
72;0.519821643829346;Orecebe nesta quintao exmeia Djalminha que passou por clubes como Palmeiras Flamengo e Guarani…;18/03/2019 20:10
73;0.773668467998505;"Novo patrocinador para meião e Basquete pode estar chegando Provável time FLAxMAD Treino do CRF Flamengo TTPAPA 

h…";18/03/2019 20:09
74;1;"Parabéns pela coragem

recibo Flamengo";18/03/2019 20:09
75;0.924839854240417;"Bom dia campeões <U+0001F534><U+26AB> 

Flamengo BeachSoccer CRF IssoAquiÉFlamengo CampeonatoCarioca";18/03/2019 20:02
76;0.727497577667236;Ronaldo vai jogar entre os títulares amanhã Vai ser a primeira vez na carreira q Ronaldo vai ter a oportunidade en…;18/03/2019 20:02
77;0.758374333381653;"Amanhã é dia de Mengão só a Vitória nos interessa
VamosFlamengo <U+0001F534><U+26AB>
FlamengoAteMorrer IssoAquiEFlamengo…";18/03/2019 20:02
78;0.631314396858215;Madureira x Flamengo com Juan entre os relacionados veja provável escalação rubronegra;18/03/2019 20:01
79;0.728539049625397;Treinamento bacana com rodízio aqui no NinhodoUrubu Ronaldo deve ser o volante titular de Abel Braga contra o Madureira…;18/03/2019 20:00
80;0.519821643829346;Orecebe nesta quintao exmeia Djalminha que passou por clubes como Palmeiras Flamengo e…;18/03/2019 20:00
81;0.652871131896973;Simplesmente o time que mais enche o estádio Flamengo;18/03/2019 19:59
82;0.434218168258667;A cada minuto que assisto algum programa do Fox Sport me sinto mais burro Eles reafirmaram que Rafinha é do mesmo…;18/03/2019 19:58
83;0.578980684280396;Uma emissora teve acesso a dois depoimentos De um monitor Adalberto e do técnico de arrefrigerado do Flamengo que tra…;18/03/2019 19:54
84;1;Eu amo um ruivo <U+0001F60D><U+0001F60D><U+0001F60D><U+0001F60D> flamengo;18/03/2019 19:53
85;0.567354083061218;"Aquelas ondas maravilhosas 
Mechas



redken lorealbrasil redkenbrasil salaodebelezarj…";18/03/2019 19:49
86;0.541655004024506;Cuéllar quer contrato vitalício com o Flamengo Se botar na mesa assino flamengo netfla centraldoflamengo;18/03/2019 19:48
87;0.585989356040955;O jogador comentou sobre as rivalidades mais tensas do país e afirmou que “são todos contra o Flamengo” Apesar d…;18/03/2019 19:48
88;0.631314396858215;Madureira x Flamengo com Juan entre os relacionados veja provável escalação rubronegra flamengo netfla…;18/03/2019 19:47
89;0.468482673168182;Orlando Berrío segue fora do campo de treino do NinhodoUrubu e Vitinho faz trabalho separadamente com Rafael Santos e Lin…;18/03/2019 19:45
90;0.795447289943695;"Qual seu time favorito por país

<U+0001F1EA><U+0001F1F8> Flamengo
<U+0001F1E9><U+0001F1EA> Flamengo
<U+0001F3F4><U+000E0067><U+000E0062><U+000E0065><U+000E006E><U+000E0067><U+000E007F> Flamengo
<U+0001F1EE><U+0001F1F9> Flamengo
<U+0001F1EB><U+0001F1F7> Flameng…";18/03/2019 19:45
91;0.512860655784607;"A fase de pontos está terminando
Como está o seu time



eSporTV CBLoL Flamengo INTZ Redemption CNB Kabum Uppercu…";18/03/2019 19:45
92;0.566248655319214;"Minha torcida é a maior do mundo ela é chamada de NAÇÃO <U+0001F534><U+26AB><U+FE0F>
Flamengo";18/03/2019 19:45
93;1;Para ganhar mais rodagem prefiro Ronaldo Assim poderemos ter uma noção de como o volante pode se comportar com o…;18/03/2019 19:40
94;0.579771161079407;gelo no sangue e contrato na mão desse homem <U+26AB><U+0001F534> Flamengo;18/03/2019 19:40
95;0.0872532725334167;Opinião acho muito difícil quase impossível que o Flamengo administre o Maracanã sozinho O estádio é do governo e acredi…;18/03/2019 19:40
96;0.682451367378235;Flamengo vai com força máxima pra cima do Madureira Diego Alves Pará Rodrigo Caio Léo Duarte e Renê Ronaldo o…;18/03/2019 19:39
97;0.4699427485466;Cuéllar fala em contrato vitalício com o Flamengo “Se me botar na mesa assino”;18/03/2019 19:36
98;0.360852271318436;Todo jogador FRACASSADO para se promover basta falar do FLAMENGO Ele quer mídia é um zero à esquer…;18/03/2019 19:35
99;0.60754382610321;Esperamos que a nova licitação corrija um dos grandes problemas do edital passado contemplando agoraa possibilid…;18/03/2019 19:34
100;0.667423963546753;Posição do Flamengo sobre a decisão do Governo do Estado sobre o Maracanã O Clube de Regatas do Flamengo paraben…;18/03/2019 19:34
101;0.362297773361206;Só pra esclarecer não há proposta ou negociação em curso Apenas estamos revelando os clubes citados por Abel na e…;18/03/2019 19:30
102;0.596814930438995;"A fase de pontos está terminando
Como está o seu time



eSporTV CBLoL Flamengo INTZ Redemption CNB…";18/03/2019 19:30
103;0.711846888065338;O MINISTRO TA CERTO E O MINISTRO NÃO PAGARÁ PELA LÍNGUA PORQUE TEM ESSE VÍDEO É ÁUDIOS PROVANDO O QUI E…;18/03/2019 19:27
104;0.180910348892212;"Cara o que o Leandro jogava era sacanagem Cara elogiado por todos que gostam de futebol
Flamengo";18/03/2019 19:25
105;0.702981233596802;"Jogou muito <U+0001F534><U+26AB> FLAMENGO
BeachSoccer 

Renan fez uma grande partida e abriu o placar para o Mengão na decisão do Camp…";18/03/2019 19:25
106;0.317564398050308;“Não aceito perder Quando perco parece que acabou o mundo para mim ainda mais com a qualidade do nosso elenco S…;18/03/2019 19:24
107;1;"Boa noite mulambada linda 

flamengoforte Flamengo mengo mengão flamengoéflamengo";18/03/2019 19:23
108;0.899207890033722;DIIIEGO ALVEEES P QUE Pamp É O MELHOR GOLEIRO DO BRASIL DIEGO <U+26AB><U+0001F534><U+0001F1E7><U+0001F1F7><U+0001F1F5><U+0001F1F9> Flamengo MaiorDoMundo SRN DiegoAlves…;18/03/2019 19:16
109;1;"Vídeo novo no Canal InFLAmados dê RT para ajudar na divulgação tmj e SRN

RENOVAÇÃO DE CUÉLLARRODINEI SAINDO E…";18/03/2019 19:14
110;1;Flamengo rubronegro mengo souflamengo eu te amarei sempre<U+2764><U+2764><U+2764><U+2764><U+2665><U+2665><U+2665>;18/03/2019 19:13
111;0.909817636013031;Nova comemoração Gabigol publica vídeo com pedido de torcedor mirim;18/03/2019 19:08
112;0.160558760166168;"Mudaram rapidamente a matéria Gostamos muito <U+0001F602><U+0001F602><U+0001F602><U+0001F602><U+0001F602><U+0001F602>
Falaram que o ar condicionado consertado não foi o que iniciou o inc…";18/03/2019 19:08
113;0.566258013248444;Pará fala sobre osjogos com a camisa do Flamengo completamos amanhã CRF TTPAPA;18/03/2019 19:07
114;0.532154858112335;Mais uma Pará Jogador falou sobre sonho de marcar um gol decisivo esse ano e sobre o NinhodoUrubu comparado aos outros C…;18/03/2019 19:07
115;0.595951914787292;"Pará fala sobre jogopelo Flamengo Seu sonho de marcar um gol decisivo e elogia Ninho do Urubu 
TTPAPA FLAMENGO C…";18/03/2019 19:07
116;0.552558958530426;Flamengo convida juiz da infância para visita e liberação do CT para treino da base que beneficiaria mais demeninos…;18/03/2019 19:05
117;0.644126653671265;"Bora Nação apoiar o RadarDaNação no

Flamengo ProgramaRN CRF SegundaDetremuraSDV";18/03/2019 19:01
118;0.387325644493103;Cuéllar diz que seu mundo acaba com derrotas do Flamengo ampquotSaio revoltadoampquot;18/03/2019 19:01
119;0.526727139949799;Cuéllar quer contrato vitalício com o Flamengo ampquotSe botar na mesa assinoampquot;18/03/2019 19:01
120;0.743177533149719;Madureira x Flamengomotivos para acreditar em vitória rubronegra;18/03/2019 19:01
121;0.444690316915512;Vocês foram querer requentar matéria e fizeram chamadas sensacionalistas Numa semana que as famílias dos sobreviventes qu…;18/03/2019 18:57
122;0.548934757709503;É caro burocrático divide opiniões etc mas imagina o maraca todo personalizado de flamengo sendo chamado de n…;18/03/2019 18:50
123;0.0368849374353886;Ficar h sem internet não é nada perto de ficaranos sem confiar em um lateral direito mas ainda assim é compli…;18/03/2019 18:47
124;0.512027144432068;"Fã dessa instituição que me estressa mas eu amo Flamengo
DiaDoFã";18/03/2019 18:46
125;0.599683344364166;"EM INSTANTES ESTAREMOS AO VIVO

Governo rompe com consórcio Maracanã Madureira x FlamengoNovo patrocinador…";18/03/2019 18:46
126;0.467823565006256;Ai simmm Flamengo ForaDanrley VemVerQuemEhLadraoAkiFora;18/03/2019 18:46
127;0.37246510386467;PT Disputa entre as empresas de criptomoedas no futebol brasileiro está acirrada Footcoin x…;18/03/2019 18:45
128;0.624214887619019;Pessoal não tem mesmo o que falar Excelente trabalho do Wesley doTTPAPA FLAMENGO CRF;18/03/2019 18:43
129;0.540118336677551;Bacanaboa sorte Encontrem uma empresa forte para cuidar do Maracanã junto com o Flamengo mas sem nenhum…;18/03/2019 18:42
130;0.760511457920074;Novo patrocinador para meião e Basquete pode estar chegando Provável time FLAxMAD Treino do CRF Flamengo…;18/03/2019 18:35
131;0.504071772098541;Flamengo Óbvio;18/03/2019 18:33
132;0.278849601745605;Finaliza nos treinos mas no jogo à vera dá vacilo Calibrem mais as pernas e não dê vexame na Libertadores…;18/03/2019 18:31
133;0.706190586090088;"Amanhã tem Flamengo na sede da embaixada A partir de h<U+0001F534><U+26AB><U+FE0F>
FlaTT 
FLAMENGO
SRN";18/03/2019 18:30
134;0.312943249940872;Pará cita contrato perto do fim com o Flamengo mas garante “Me sinto em casa estou focado”…;18/03/2019 18:29
135;0.579969763755798;A embaixada FlaSão Francisco chegou ao twitter <U+0001F534><U+26AB><U+FE0F> SRN FLAMENGO;18/03/2019 18:25
136;0.528958916664124;MEU PAI BOTAFOGUENSE FALOU QUE VAI FAZER UMA RESENHA PRA MIM E MEUS AMIGOS FLAMENGUISTAS SE O FLAMENGO SE CLASSIFIC…;18/03/2019 18:25
137;0.873175442218781;"Leandro aniversariante da semana Ídolo

Torcedor apaixonado se tornou jogador e honrou o Manto como poucos

Maior la…";18/03/2019 18:22
138;0.334764242172241;quando anunciar o patrocínio com o Flamengo me convide pois eu já tinha contado essa pedra lá atrás…;18/03/2019 18:11
139;0.430074334144592;"Bora flamenguistas vamos tirar esse idiota do BBB
ForaDanrley Flamengo";18/03/2019 18:04
140;0.684923410415649;Preocupação gigante deles abandonarem o estádio e o gramado principalmente Temos dois jogos importantíssimos na Libertad…;18/03/2019 18:00
141;0.876732051372528;AS CONTRADIÇÕES NA MATÉRIA DO ESPORTE ESPETACULAR SOBRE O CT DO FLAMENGO I Canal Ser Flamengo…;18/03/2019 18:00
142;0.93478262424469;"Só sabe o que é ser feliz quem tem o prazer de ver 

Voto RT<U+0001F503> FV<U+2764><U+FE0F> e zoeira

TimeDeTradição 
Flamengo 
VamosFlame…";18/03/2019 17:59
143;0.543373584747314;"Alô torcida doflamengo ajude a gente no ForaDanrley

LINK PARA VOTAÇÃO";18/03/2019 17:53
144;0.0454545468091965;"Não precisa de legenda<U+0001F614> só peço a Deus que conforte o coração dos familiares triste dms<U+0001F62D><U+0001F62D> 
ForçaFlamengo gefla Flamengo…";18/03/2019 17:51
145;0.372743666172028;Ele não jogou nada no Flamengo além do Jorge que estava jogando demais e o colocou no banco;18/03/2019 17:46
146;0.91865611076355;Saindo da Praia do flamengo <U+0001F60D>;18/03/2019 17:45
147;0.306255996227264;Pará minimiza erro de Rodinei e diz que grupo precisa focar nos desafios “Tem coisas grandes pela frente”…;18/03/2019 17:43
148;0.51388943195343;"O que dizer de uma Seleção dessas
CRF Flamengo";18/03/2019 17:35
149;0.531712055206299;"Ainda sobre meu aniversário 
Flamengo";18/03/2019 17:35
150;0.954545438289642;Tudo sobre o novo patrocinador CHEF’S CLUB que vem chegando ao Flamengo e que o Deco havia trazido os valores em u…;18/03/2019 17:29
151;0.0853013098239899;"Pergunto a vc 

O que o klebinho faz no Flamengo ainda
Deve ter um padrinho dos bons não vejo nada n…";18/03/2019 17:28
152;0.634523570537567;"Flamengo 

Vamos fazer multirao pra eliminar ele

ForaDanrley BBB FicaPaula FicaPeixinho";18/03/2019 17:22
153;0.491512298583984;Fabrício isso procede Se sim qual a chance disso acontecer Seria antes do bras…;18/03/2019 17:18
154;0.492058157920837;Isso aqui é Flamengo;18/03/2019 17:18
155;0.806081473827362;Diego Alves paredão Flamengo <U+0001F60D>;18/03/2019 17:18
156;0.802215337753296;Flamengo <U+0001F1E7><U+0001F1F7><U+0001F3C6> Flamengo <U+0001F60D>;18/03/2019 17:17
157;0.709514081478119;Com força máximaMenos dexnão comemoro hehehe Flamengo <U+2665><U+FE0F> Flamengo;18/03/2019 17:17
158;0.5;Flamengo <U+0001F1E7><U+0001F1F7><U+0001F3C6><U+26BD> Flamengo;18/03/2019 17:16
159;0.802539110183716;Os atacantes Lincoln e Vitinho fazendo trabalho de transição Ambos estão se recuperando de lesão e estão bem próx…;18/03/2019 17:16
160;0.0299159064888954;mano não acredito que a torcida do Flamengo vai fazer isso mesmo apoiar racista por causa de uma música de torcida…;18/03/2019 17:14
161;1;"CALMA COM O ABELÃO ELE AINDA ESTÁ SE ADAPTANDO <U+0001F602><U+0001F602><U+0001F602><U+0001F602>DÊ SEU LIKE E O RETWEET<U+0001F44D><U+0001F3FB>
<U+2800>
flamengo fluminense crflamengo…";18/03/2019 17:14
162;1;Parabéns Parájogos fez história só falta um título de expressão pra deixar o clube feliz hehe Flamengo <U+2665><U+FE0F>…;18/03/2019 17:13
163;0.495335280895233;"Uma vez Flamengo sempre Flamengo
 garotosdoninho omaisquerido flamengo";18/03/2019 17:13
164;0.5;<U+0001F44F><U+0001F3FC><U+0001F44F><U+0001F3FC><U+0001F44F><U+0001F3FC>Flamengo Flamengo;18/03/2019 17:12
165;0.62311851978302;"Vcs deveriam ser proibidos de entrar no FLAMENGO Flakes
vamos tomar atitude né…";18/03/2019 17:12
166;0.375299364328384;Alo nação rubronegra não esqueça o que o danley disse que vcs são ladrãoagora é hora dos acerto de conta bora v…;18/03/2019 17:11
167;1;"VAMO ENTRAR NA BRICADEIRA Futebol
FUT
FLAMENGO
Qual seu time favorito por país

<U+0001F1EA><U+0001F1F8> Barcelona
<U+0001F1E9><U+0001F1EA> Dortmund…";18/03/2019 17:09
168;0.628134965896606;Acima de tudo rubro negroCRF Flamengo;18/03/2019 17:07
169;0.255743473768234;César volta a trabalhar normalmente junto aos goleiros do Flamengo;18/03/2019 17:07
170;0.561171591281891;Continuamos atualizando vocês com a verdade que poucos mostram O amigotinha saxônica ideia muito b…;18/03/2019 17:05
171;0.497943341732025;"Menos cadeiras no estádio 

Mais pessoas 
Mais vibração 
Mais dinheiro
Mais economia para o torcedor 
Possibilidade…";18/03/2019 16:55
172;0.524322152137756;"<U+26AB><U+0001F534> Camisa Flamengo feminina home<U+0001F534><U+26AB>

<U+0001F455> TAMANHOS PMG DISPONÍVEIS 
<U+0001F4B0> R 
<U+0001F4B3> ATÉ X SEM JUROS

<U+0001F4F2>I…";18/03/2019 16:55
173;0.595951914787292;"Pará fala sobre jogopelo Flamengo Seu sonho de marcar um gol decisivo e elogia Ninho do Urubu 
TTPAPA…";18/03/2019 16:51
174;0.819205224514008;"<U+0001F440><U+0001F440><U+26AB><U+0001F534> oihoje e meu aniversario da a moral <U+0001F60D>
socioofRio
Flamengo";18/03/2019 16:49
175;0.580962240695953;Mais uma Pará Jogador falou sobre sonho de marcar um gol decisivo esse ano e sobre o NinhodoUrubu comparado aos o…;18/03/2019 16:49
176;0.535424947738647;Ansioso pro jogo docomou Ronaldo de volante Especialmente o Hugo na cabeça de área O g…;18/03/2019 16:49
177;0.661415338516235;Provável time do Flamengo contra o Madureira é Diego Alves Pará Leo Duarte Rodrigo Caio Renê Ronaldo Arão…;18/03/2019 16:46
178;0.543442249298096;Thiago Neves comenta rivalidades do Brasil e afirma “No Rio são todos contra o Flamengo”;18/03/2019 16:43
179;0.832735478878021;"Flamengo 
FSRadioBrasil 
LibertadoresxFOX 
Parabéns Governador <U+0001F44F><U+0001F44F><U+0001F44F>";18/03/2019 16:40
180;0.658366322517395;Perguntei aosobre a questão do Flamengo ter poupado jogadores no jogo passado maisquerido tesigoatodolado acim…;18/03/2019 16:38
181;0.544924139976501;Perto de completarjogos pelo Flamengo Pará declara “Sonho em fazer algo importante com esta camisa”…;18/03/2019 16:36
182;0.477833271026611;O técnico Abel Braga reuniu o elenco rubronegro antes do início da atividade para passar algumas orientações…;18/03/2019 16:35
183;0.909762024879456;"Temos um grupo do Flamengo No Whatsapp
Se Vc Quiser entrar deixe seu Número Na DM
SRNFLAMENGO
UniãoFlaTT CRF
RNs…";18/03/2019 16:33
184;0.728539049625397;Treinamento bacana com rodízio aqui no NinhodoUrubu Ronaldo deve ser o volante titular de Abel Braga contra o Mad…;18/03/2019 16:32
185;0.215653389692307;o dia que eu saí de casa pra assistir hrs de pelada de Flamengo x Volta Redonda com direito a arbitragem fdp;18/03/2019 16:28
186;1;"Vamos Jogar <U+26BD><U+FE0F><U+0001F945><U+0001F44D><U+0001F4AA>
Lets PLAY <U+0001F4AF><U+0001F43E><U+2764><U+FE0F><U+0001F483><U+0001F57A>
flamengoOlimpoSpirit olimpo spirit sapatilhasfutsal bolafutsal kelme…";18/03/2019 16:27
187;0.403486162424088;Minha parte eu já fiz e ForaDanrleye ai Flamengo;18/03/2019 16:27
188;0.437072455883026;Orlando Berrío segue fora do campo de treino do NinhodoUrubu e Vitinho faz trabalho separadamente com Rafael Santo…;18/03/2019 16:23
189;0.433568179607391;Familiares dos sobreviventes e ainda alguns dos meninos do NinhodoUrubu estão no Maracanã para acompanhar o jogo FLAxVRE…;18/03/2019 16:22
190;0.889930725097656;"Imagina voce
Flamengo gerindo o Maracana
Ingressos com um bom preço
Lucrando com a torcida
Aumento de ST

Seri…";18/03/2019 16:21
191;0.693568766117096;"<U+0001F534><U+26AB> GrandePetkovic 
Pra sempre nos corações da 
Nação RubroNegra

No Flamengo foi campeão do

Campeonato Carioca de…";18/03/2019 16:18
192;0.93221652507782;Atriz e ModeloAtriz da minha própria vida e modelo do meu estilo Uma paixãoFlamengo<U+270C><U+FE0F><U+0001F5A4><U+2764><U+FE0F>;18/03/2019 16:17
193;0.0238095242530107;Urgente Descobri uma bomba Emissora vai tentar acusar o Flamengo de negligência neste domingo Já sei de tudo e vou come…;18/03/2019 16:15
194;0.937357544898987;"PARÁ FAZENDOJOGOS COM A CAMISA DO FLAMENGO 

PARABÉNS AOS ENVOLVIDOS NESSE ESCÁRNIO";18/03/2019 16:15
195;0.397870659828186;"Porra de vasco 
Aqui é flamengo";18/03/2019 16:12
196;0.693568766117096;"<U+0001F534><U+26AB> GrandePetkovic 
Pra sempre nos corações da 
Nação RubroNegra

No Flamengo foi campeão do

Campeonato C…";18/03/2019 16:10
197;0.512629806995392;Presidente do Flamengo Rodolfo Landim sinaliza interesse em assumir o Maracanã;18/03/2019 16:09
198;0.353795260190964;Nunca participativo vibrante a cara do FLAMENGO;18/03/2019 16:07
199;0.337177067995071;Eu edesenvolvemos uma forma mais emocionante dele acompanhar o jogo Ele fica com o radinho no ouvido e eu a…;18/03/2019 16:02
200;0.658366322517395;Perguntei aosobre a questão do Flamengo ter poupado jogadores no jogo passado maisquerido…;18/03/2019 15:56
201;0.698822617530823;Pará elogia jovens jogadores do Flamengo “Estou há cinco anos aqui conhecemos a qualidade deles”…;18/03/2019 15:54
202;0.501876533031464;FutBrasilnoouNão acreditoeestãorecep…;18/03/2019 15:52
203;0.5;"GloboEsgotoDaTv 
GloboLixo
GloboRespeiteoFlamengo 
FLAMENGO 
nacaorubronegra 
Flamengo";18/03/2019 15:50
204;0.517135322093964;Ser flamengo é motivo pra ele bloquear A Menina ficou histérica depois que a torcida lançou a campanha…;18/03/2019 15:48
205;0.194134742021561;Questionado sobre o gol perdido no duelo contra o Vasco Rodinei afirmou que passou por dias difíceis de críticas mas o…;18/03/2019 15:46
206;0.300210803747177;O flamengo foi um pai com essas laterais contrato vitalício é um fatoentra ano e sai ano essas perebas nunca sae…;18/03/2019 15:45
207;0.621046006679535;RubroNegros dividem opiniões sobre nova camisa do Flamengo mas modelo é aprovado por maioria…;18/03/2019 15:42
208;0.451582431793213;"<U+0001F1EA><U+0001F1F8> RealMadrid
<U+0001F1E9><U+0001F1EA> Ninguno
<U+0001F3F4><U+000E0067><U+000E0062><U+000E0065><U+000E006E><U+000E0067><U+000E007F> ManchesterUnited
<U+0001F1EE><U+0001F1F9> Milan
<U+0001F1E8><U+0001F1F5> Ninguno
<U+0001F1F3><U+0001F1F1> Ninguno
<U+0001F1F5><U+0001F1F9> Ninguno
<U+0001F1E7><U+0001F1F7>…";18/03/2019 15:36
209;0.278785794973373;O Maracanã volta ao governo numa canetada que parece simples e eu desconfio muito dela Mas mesmo assim resolve Sequ…;18/03/2019 15:34
210;0.425938606262207;Por isso eu bato palmas para o João Guilherme TTPAPA FLAMENGO CRF;18/03/2019 15:32
211;0.283967077732086;dessa lista ai GloboEsgotoDaTV so o cruzeiro nao paga ninguem e outra voces globo e inimigo do…;18/03/2019 15:32
212;0.4223592877388;"É FLAMENGUISTA 
Se me seguir <U+26AB><U+FE0F><U+0001F534>
Eu sigo<U+2714><U+FE0F>
MENGAOOOOOO 
A MAIOR E MAIS UNIDA TORCIDA

flamengo";18/03/2019 15:28
213;0.270648658275604;O Maracanã volta ao governo numa canetada que parece simples e eu desconfio muito dela Mas mesmo assim resolv…;18/03/2019 15:24
214;0.675337672233582;A gente chegando no NinhodoUrubu para mais um dia de trabalho e o volante Ronaldo está dando uma entrevista exclus…;18/03/2019 15:24
215;0.923097491264343;Após conquistar o Carioca melhor do mundo no futebol de areia deixa o Flamengo;18/03/2019 15:20
216;0.0652173906564713;Eu já fui avisado que serei atacado das piores formas possíveis Sempre dei o meu jeito de correr atrás E não adianta fal…;18/03/2019 15:18
217;0.189694762229919;"Não marquem o cidadão do segundo tweet

recibo Flamengo";18/03/2019 15:13
218;1;"CALMA COM O ABELÃO ELE AINDA ESTÁ SE ADAPTANDO <U+0001F602><U+0001F602><U+0001F602><U+0001F602>DÊ SEU LIKE E O RETWEET<U+0001F44D><U+0001F3FB>
<U+2800>
flamengo fluminense…";18/03/2019 15:12
219;0;Não acompanho mais nenhuma mídia ligada a GloboEsgotoDaTVvou me limitar a ver os jogos do Flamengo quando não h…;18/03/2019 15:04
220;0.157353520393372;Meu Gol por outro ângulo só não reparem a narração do meu pai <U+0001F602> Rsrsrsrsrs Flamengo <U+0001F4AA><U+0001F3FB><U+0001F534><U+26AB>;18/03/2019 15:02
221;0.696002244949341;Flamengo e Fluminense comemoraram fim da concessão do Maracanã;18/03/2019 15:01
222;0.682357788085938;Flamengo revela interesse no Maracanã após rompimento de concessão;18/03/2019 15:01
223;0.48566746711731;"Ganhe uma <U+0001F699> VIAGEM GRÁTIS de <U+0001F4B0> R com a Uber utilizando o código <U+27A1><U+FE0F> ggvjque <U+0001F698>

Link Uber <U+27A1><U+FE0F>…";18/03/2019 14:57
224;0.371511399745941;Estado cancela consórcio do Maracanã Bom ou ruim pra gente FLAMENGO precisa de Estádio próprio CRF FLAMENGO TTPAPA…;18/03/2019 14:55
225;0.758333683013916;Essa matéria é encomendada Querem atrapalhar o anúncio do Patrocinador Master essa semana O Flamengo conseguiu uma revi…;18/03/2019 14:53
226;0.538436830043793;Confere ai a posição do Flamengo sobre o Maracanã tupi esporte Maracanã;18/03/2019 14:50
227;0.770391523838043;"<U+0001F534>PASSANDO PRA DIZER QUE O FLAMENGO É O MAIOR DO RIO

<U+0001F534> RT <U+0001F503> NESSE TWEET<U+26AB>
<U+0001F534>SIGA QUEM DER RT<U+26AB>
<U+0001F534>SIGA QUEM DER FAV<U+26AB>
<U+0001F534>SIG…";18/03/2019 14:50
228;0.782881021499634;<U+0001F478><U+0001F3FB><U+2764><U+FE0F> Acho que é impossível falar do Flamengo sem sentir aquele orgulho que só os milhões de flamenguistas é capaz de sentilo…;18/03/2019 14:49
229;0.730853080749512;Tenho a chance de fazer da vida o que mais gosto de fazer e isso é jogar futebol Eu consigo fazer as pessoas feliz…;18/03/2019 14:48
230;0.144530653953552;Em momento difícil no Flamengo Rodinei tem interesse de Cruzeiro Grêmio e Internacional gt…;18/03/2019 14:45
231;0.674380719661713;O Flamengo se posicionou sobre a decisão do Governo do Estado do Rio de Janeiro de encerrar o contrato com o consórcio…;18/03/2019 14:42
232;0.434684276580811;Será uma grande boçalidade o Flamengo entrar nesse leilão por esse jogador que não passa de uma p…;18/03/2019 14:34
233;0.647353112697601;Até o tricolete reconhece no RJ só tem um grande Flamengo;18/03/2019 14:33
234;0.824599921703339;"A eSPn e suas insinuações

Flamengo BBdebate CRF fsradiobrasil SelecaoSportv SegundaDetremuraSDV SDV…";18/03/2019 14:30
235;0.899207890033722;DIIIEGO ALVEEES P QUE Pamp É O MELHOR GOLEIRO DO BRASIL DIEGO <U+26AB><U+0001F534><U+0001F1E7><U+0001F1F7><U+0001F1F5><U+0001F1F9> Flamengo MaiorDoMundo SRN…;18/03/2019 14:25
236;0.488308489322662;Procurado pelo Flamengo Martinelli já recebeu propostas declubes;18/03/2019 14:24
237;0.609962582588196;Flamengo vence o Goytacaz na estreia do campeonato carioca subFeminino inicia tbm com pé direito no Brasileirã…;18/03/2019 14:23
238;0.330917954444885;A instabilidade de se lidar com o estado deveria ser motivo mais que suficiente para que oinvestisse ser…;18/03/2019 14:19
239;0.634896636009216;"Laterais

Osjogam em casa 
 x 
 x 
 x 

O…";18/03/2019 14:18
240;0.513644456863403;Cruzeiro Grêmio e Inter procuraram Rodinei lateral vive momento delicado no Flamengo flamengo netfla…;18/03/2019 14:13
241;0.728724181652069;Fla e Flu se manifestam sobre rompimento do Estado com Consórcio flamengo netfla centraldoflamengo;18/03/2019 14:12
242;0.449589967727661;Flamengo comemora rompimento do consórcio Maracanã flamengo netfla centraldoflamengo;18/03/2019 14:12
243;0.702981233596802;"Jogou muito <U+0001F534><U+26AB> FLAMENGO
BeachSoccer 

Renan fez uma grande partida e abriu o placar para o Mengão na decisão do…";18/03/2019 14:04
244;0.697022676467896;O MINISTRO TA CERTO O MINISTRO NÃO PAGARÁ PELA LÍNGUA PORQUE TEM ESSE VÍDEO É ÁUDIOS PROVANDO O QUI…;18/03/2019 14:03
245;0.636841773986816;Bacanaboa sorte Encontrem uma empresa forte para cuidar do Maracanã junto com o Flamengo mas sem…;18/03/2019 13:59
246;0.710667133331299;O MINISTRO TA CERTO E O MINISTRO NÃO PAGARÁ PELA LÍNGUA PORQUE TEM ESSE VÍDEO É ÁUDIOS PROVANDO O QU…;18/03/2019 13:58
247;0.7641761302948;Bem que esse banconovo patrocinador master do Flamengodps do anúncio oficialpoderia anunciar que ajudari…;18/03/2019 13:57
248;0.70992910861969;"A cobrança da torcida é porque você é um pereba e um paneleiro

ForaRodinei ForaAbel CRF…";18/03/2019 13:56
249;0.674380719661713;O Flamengo se posicionou sobre a decisão do Governo do Estado do Rio de Janeiro de encerrar o contrato com o consór…;18/03/2019 13:55
250;0.683064341545105;O MINISTRO TA CERTO E O MINISTRO NÃO PAGARÁ PELA LÍNGUA PORQUE TEM ESSE VÍDEO É ÁUDIOS PROVANDO O QUI ELE FALOU SEU…;18/03/2019 13:54
251;0.726655900478363;Lembrando que derrubaram meu Instagram com quasemil seguidores e hoje mesmo estou atingindomil seguidores em men…;18/03/2019 13:54
252;0.723194241523743;"Capinhas Oficiais Personalizadas só na Spirit One <U+2764><U+FE0F><U+0001F5A4> 
<U+0001F449><U+0001F3FD>";18/03/2019 13:53
253;0.849868655204773;O técnico ligou o ar e deixou por quatro horas funcionando para testar Funcionou perfeitamente Não houve negligência em…;18/03/2019 13:50
254;0.187989830970764;o torcedor merece um estádio Esquece Maracanã Se não comprar o Maracanã vai atrás de um estádio p…;18/03/2019 13:48
255;0.585915744304657;Após fazerem polêmica sobre comemoração do pênalti defendido deo goleiro responde sobre a questão maisqueri…;18/03/2019 13:46
256;0.912296175956726;"O MAIOR LATERAL DIREITO DE TODOS OS TEMPOS

Leandro “Peixe Frito” está fazendoanos hoje Obrigado por tudo ídolo e m…";18/03/2019 13:43
257;0.282052129507065;Canal Ser Flamengo aponta contradições de emissora em reportagem sobre tragédia no Ninho do Urubu…;18/03/2019 13:38
258;0.905907452106476;"é mais que um time é um mundo<U+0001F5A4><U+2764><U+FE0F><U+26AB><U+FE0F><U+0001F534><U+26AB><U+FE0F><U+0001F534>
Flamengo CRF";18/03/2019 13:38
259;0.569928109645844;A hora é essa o LANDIM deve corre atrás de ser o cuidador do Maracanã como administrador a hora e essa FLAMENGO CRF;18/03/2019 13:36
260;0.201273024082184;"OLHA O QUE A GLOBO E AS OUTRAS MÍDIA ESPORTIVAS NÃO MOSTRA SOBRE A CONSTRUÇÃO DO ESTADIO ITAQUERA
GloboEsgotoDaTV…";18/03/2019 13:36
261;0.512629806995392;"Tudo do empate docontra o

Flamengo";18/03/2019 13:34
262;0.583597660064697;Coletiva pode definir novos rumos do Maracanã Flamengo CRF TTPAPA;18/03/2019 13:27
263;1;É CAMPEÃO Ovenceu o Vasco porae conquistou o Campeonato Cariocade Beach Soccer Valeu Men…;18/03/2019 13:24
264;0.0238095242530107;Em alguns minutos eles darão uma das últimas esperneadas Não suportam que o Flamengo tenha saído mais forte ainda da Tr…;18/03/2019 13:21
265;0.976190447807312;Vamos denunciar e ver se eles têm coragem de publicar essa matéria amanhã Vou precisar do máximo de engajamento e compart…;18/03/2019 13:18
266;0;Escutem vocês mesmos Que loucura Meu Deus Alôisso não é possível FLAMENGO CRF FLATT Meu Deus;18/03/2019 13:18
267;0.844882786273956;Flamengo É o único que pode salvar esse elefante branco no Rio Quer dividir concessão tem q dividir na real pq…;18/03/2019 13:17
268;0.405920803546906;"nacaorubronegra 
BBB 
Flamengo 
Vamos votar pra esse tricolor q fala q flamenguista é ladrão sair galera
For…";18/03/2019 13:16
269;0.530150234699249;Governo anuncia rompimento com consórcio que gere o Maracanã;18/03/2019 13:16
270;0.851491987705231;"Meu amor eu sou Flamengo 
Com orgulho";18/03/2019 13:15
271;0.234174877405167;Pq não falar tds os fatos da nota oficial do Flamengoa reportagem do seu colega e tendêncio…;18/03/2019 13:15
272;0.383910179138184;"nacaorubronegra 
BBB 
Flamengo 
Vamos votar pra esse tricolor q fala q flamenguista é ladrão sair galera…";18/03/2019 13:13
273;0.190088197588921;Já que o primeiro uniforme já vazou hora de fazer minhas apostas pra camisa branca Acho que avem mais ou men…;18/03/2019 13:13
274;0.33423838019371;Com dois volantes convocados para seleções Flamengo tem dúvida para equipe titular;18/03/2019 13:12
275;0.841568529605865;Essa verborréia do Sormani é inacreditável Ganhar é bom de qualquer jeito jogando bem ou mal E perder é uma porc…;18/03/2019 13:11
276;0.404009848833084;Seu Danrley antes de falar da nação vc lava essa boca de piroca seu otario por isso hj estamos votando para sua saída …;18/03/2019 13:09
